time,Arr_TBUILD_0_C,Arr_TBUILD_0_JJA_C,Arr_TBUILD_0_DJF_C,Arr_TBUILD_1_C,Arr_TBUILD_1_JJA_C,Arr_TBUILD_1_DJF_C,Arr_TBUILD_2_C,Arr_TBUILD_2_JJA_C,Arr_TBUILD_2_DJF_C,Arr_HIA_U_0,Arr_HIA_U_0_JJA,Arr_HIA_U_0_DJF,Arr_HIA_U_1,Arr_HIA_U_1_JJA,Arr_HIA_U_1_DJF,Arr_HIA_U_2,Arr_HIA_U_2_JJA,Arr_HIA_U_2_DJF,Arr_APPAR_TEMP_U_0,Arr_APPAR_TEMP_U_0_JJA,Arr_APPAR_TEMP_U_0_DJF,Arr_APPAR_TEMP_U_1,Arr_APPAR_TEMP_U_1_JJA,Arr_APPAR_TEMP_U_1_DJF,Arr_APPAR_TEMP_U_2,Arr_APPAR_TEMP_U_2_JJA,Arr_APPAR_TEMP_U_2_DJF,Arr_SWBGT_U_0,Arr_SWBGT_U_0_JJA,Arr_SWBGT_U_0_DJF,Arr_SWBGT_U_1,Arr_SWBGT_U_1_JJA,Arr_SWBGT_U_1_DJF,Arr_SWBGT_U_2,Arr_SWBGT_U_2_JJA,Arr_SWBGT_U_2_DJF,Arr_HUMIDEX_U_0,Arr_HUMIDEX_U_0_JJA,Arr_HUMIDEX_U_0_DJF,Arr_HUMIDEX_U_1,Arr_HUMIDEX_U_1_JJA,Arr_HUMIDEX_U_1_DJF,Arr_HUMIDEX_U_2,Arr_HUMIDEX_U_2_JJA,Arr_HUMIDEX_U_2_DJF,Arr_DISCOIS_U_0_,Arr_DISCOIS_U_0_JJA,Arr_DISCOIS_U_0_DJF,Arr_DISCOIS_U_1,Arr_DISCOIS_U_1_JJA,Arr_DISCOIS_U_1_DJF,Arr_DISCOIS_U_2,Arr_DISCOIS_U_2_JJA,Arr_DISCOIS_U_2_DJF,Arr_DISCOIS_U_0
2015,22.775598144531273,26.415734863281273,19.198449707031273,20.980462646484398,24.380609130859398,17.808038330078148,22.749291992187523,26.385491943359398,19.178826904296898,20.221729278564453,26.055036544799805,13.593987464904785,19.68333625793457,25.489124298095703,13.120759010314941,20.21503257751465,26.047809600830078,13.588345527648926,18.332706451416016,24.89857292175293,11.017753601074219,17.96082305908203,24.507659912109375,10.699156761169434,18.327878952026367,24.893341064453125,11.0137939453125,20.867650985717773,25.298826217651367,16.10369110107422,20.606966018676758,25.02190399169922,15.881521224975586,20.864301681518555,25.295181274414062,16.100934982299805,22.2200870513916,29.55236053466797,14.240946769714355,21.75204086303711,29.056900024414062,13.838221549987793,22.214120864868164,29.545886993408203,14.236000061035156,16.746545791625977,21.698678970336914,11.109537124633789,16.41248321533203,21.353893280029297,10.812819480895996,16.742332458496094,21.694225311279297,11.105923652648926,16.746545791625977
2016,22.950769042968773,26.670037841796898,19.180810546875023,21.153375244140648,24.596978759765648,17.850000000000023,22.924554443359398,26.639306640625023,19.161950683593773,20.457433700561523,26.270782470703125,13.735027313232422,19.91105842590332,25.690839767456055,13.267481803894043,20.450664520263672,26.263410568237305,13.729391098022461,18.624835968017578,25.108970642089844,11.159785270690918,18.255420684814453,24.710411071777344,10.853902816772461,18.620033264160156,25.103652954101562,11.155933380126953,21.08403778076172,25.415245056152344,16.24713706970215,20.82602310180664,25.13524627685547,16.033109664916992,21.080720901489258,25.41156768798828,16.24445152282715,22.564590454101562,29.760719299316406,14.455326080322266,22.099103927612305,29.257410049438477,14.067352294921875,22.558650970458984,29.75416374206543,14.450504302978516,16.95547866821289,21.841257095336914,11.215485572814941,16.621807098388672,21.488971710205078,10.928762435913086,16.951271057128906,21.83673095703125,11.211955070495605,16.95547866821289
2017,22.847833251953148,26.432061767578148,19.097833251953148,21.058526611328148,24.413812255859398,17.734429931640648,22.821710205078148,26.401971435546898,19.078576660156273,20.347482681274414,26.300344467163086,13.339924812316895,19.796422958374023,25.72339630126953,12.8523530960083,20.340656280517578,26.29295539855957,13.334199905395508,18.400259017944336,25.055011749267578,10.581514358520508,18.02983283996582,24.666400909423828,10.255072593688965,18.395450592041016,25.0498046875,10.577503204345703,20.94814682006836,25.45341682434082,15.813538551330566,20.690528869628906,25.17867088317871,15.586515426635742,20.944833755493164,25.449792861938477,15.810754776000977,22.33127784729004,29.78084945678711,13.778623580932617,21.866193771362305,29.288042068481445,13.367350578308105,22.325347900390625,29.774404525756836,13.773619651794434,16.75908088684082,21.783536911010742,10.796996116638184,16.424528121948242,21.43939781188965,10.491280555725098,16.75486183166504,21.779085159301758,10.793316841125488,16.75908088684082
2018,22.564477539062523,26.031610107421898,19.004327392578148,20.764398193359398,24.030297851562523,17.606774902343773,22.538171386718773,26.001885986328148,18.984765625000023,19.897886276245117,25.667797088623047,13.33401107788086,19.343942642211914,25.090618133544922,12.851930618286133,19.891067504882812,25.66046142578125,13.32833480834961,17.94831657409668,24.456689834594727,10.588932037353516,17.57225799560547,24.0687198638916,10.263866424560547,17.943456649780273,24.451492309570312,10.584933280944824,20.600831985473633,25.015464782714844,15.831619262695312,20.339603424072266,24.740882873535156,15.606568336486816,20.597482681274414,25.011844635009766,15.828841209411621,21.782228469848633,29.071775436401367,13.805862426757812,21.31072998046875,28.579143524169922,13.397270202636719,21.776233673095703,29.065332412719727,13.800867080688477,16.455448150634766,21.363656997680664,10.82023811340332,16.11583709716797,21.019105911254883,10.517732620239258,16.451189041137695,21.359209060668945,10.816583633422852,16.455448150634766
2019,22.764276123046898,26.369805908203148,19.365655517578148,20.952752685546898,24.323693847656273,17.981530761718773,22.737908935546898,26.339501953125023,19.282617187500023,20.064184188842773,25.929880142211914,13.596403121948242,19.513065338134766,25.353097915649414,13.11874771118164,20.057388305664062,25.922548294067383,13.57235050201416,18.17353630065918,24.719762802124023,11.009956359863281,17.798799514770508,24.325605392456055,10.694214820861816,18.168697357177734,24.714500427246094,10.993309020996094,20.766698837280273,25.188047409057617,16.139724731445312,20.506309509277344,24.910587310791016,15.920074462890625,20.763364791870117,25.18439292907715,16.128040313720703,22.052650451660156,29.376808166503906,14.286413192749023,21.582517623901367,28.878582000732422,13.887975692749023,22.046682357788086,29.370311737060547,14.265514373779297,16.6267032623291,21.59205436706543,11.084468841552734,16.288793563842773,21.24330711364746,10.790996551513672,16.622467041015625,21.587562561035156,11.069323539733887,16.6267032623291
2020,22.922753906250023,26.380120849609398,19.057702636718773,21.148461914062523,24.396875000000023,17.695642089843773,22.767877197265648,26.202691650390648,18.942224121093773,20.309263229370117,26.14643096923828,13.313222885131836,19.760656356811523,25.57227325439453,12.824164390563965,20.26841926574707,26.10209846496582,13.278342247009277,18.392349243164062,24.93634605407715,10.593076705932617,18.02144432067871,24.5467529296875,10.268467903137207,18.36351203918457,24.904966354370117,10.568880081176758,20.96561622619629,25.360332489013672,15.863673210144043,20.70796012878418,25.08487892150879,15.639578819274902,20.945661544799805,25.338422775268555,15.846902847290039,22.35578727722168,29.635282516479492,13.842461585998535,21.89080238342285,29.14143180847168,13.435362815856934,22.320131301879883,29.59632110595703,13.812271118164062,16.76018524169922,21.698095321655273,10.813226699829102,16.426733016967773,21.3540096282959,10.510242462158203,16.734935760498047,21.6712703704834,10.790964126586914,16.76018524169922
2021,22.658563232421898,26.374108886718773,19.003961181640648,20.890924072265648,24.344659423828148,17.647637939453148,22.503350830078148,26.192620849609398,18.888635253906273,19.997098922729492,25.868520736694336,12.908661842346191,19.449792861938477,25.293689727783203,12.442230224609375,19.956035614013672,25.824077606201172,12.874994277954102,18.120702743530273,24.799226760864258,10.086615562438965,17.749685287475586,24.404783248901367,9.771955490112305,18.091629028320312,24.767427444458008,10.062949180603027,20.753856658935547,25.213712692260742,15.52255630493164,20.494924545288086,24.935640335083008,15.302931785583496,20.73373031616211,25.191587448120117,15.506123542785645,22.01851463317871,29.416154861450195,13.289010047912598,21.551422119140625,28.917211532592773,12.891112327575684,21.982511520385742,29.376758575439453,13.259486198425293,16.586477279663086,21.611188888549805,10.413130760192871,16.250560760498047,21.26270866394043,10.11846923828125,16.560861587524414,21.583984375,10.391494750976562,16.586477279663086
2022,22.674615478515648,26.356896972656273,19.017999267578148,20.876031494140648,24.316766357421898,17.633477783203148,22.516229248046898,26.173913574218773,18.901177978515648,19.83222198486328,25.89064598083496,13.017213821411133,19.286405563354492,25.313295364379883,12.537246704101562,19.791269302368164,25.84612274169922,12.98290729522705,17.92491340637207,24.77033042907715,10.266462326049805,17.553794860839844,24.375938415527344,9.942976951599121,17.895763397216797,24.738510131835938,10.242341995239258,20.59555435180664,25.187559127807617,15.592427253723145,20.337053298950195,24.90909194946289,15.366633415222168,20.575420379638672,25.1654109954834,15.575602531433105,21.768354415893555,29.37942886352539,13.407585144042969,21.30193328857422,28.879865646362305,12.9987154006958,21.732322692871094,29.33999252319336,13.37738037109375,16.419174194335938,21.594329833984375,10.5166015625,16.083948135375977,21.245052337646484,10.213820457458496,16.39354705810547,21.56705665588379,10.494396209716797,16.419174194335938
2023,22.665979003906273,26.226556396484398,19.365441894531273,20.872705078125023,24.172631835937523,18.015161132812523,22.508721923828148,26.042749023437523,19.250573730468773,19.919527053833008,25.823486328125,13.708809852600098,19.367958068847656,25.238740921020508,13.246081352233887,19.878185272216797,25.778430938720703,13.675003051757812,17.979413986206055,24.574098587036133,11.077082633972168,17.606822967529297,24.17661476135254,10.772772789001465,17.95018196105957,24.542034149169922,11.053811073303223,20.633371353149414,25.057811737060547,16.208683013916016,20.373897552490234,24.77821159362793,15.995148658752441,20.613168716430664,25.035560607910156,16.19246482849121,21.82872772216797,29.169517517089844,14.39848518371582,21.36035919189453,28.667022705078125,14.012043952941895,21.792591094970703,29.129858016967773,14.36938190460205,16.45952033996582,21.466644287109375,11.166451454162598,16.122577667236328,21.11427879333496,10.882513046264648,16.433799743652344,21.439149856567383,11.14525032043457,16.45952033996582
2024,22.946527099609398,26.544519042968773,19.195001220703148,21.150048828125023,24.468469238281273,17.839318847656273,22.788659667968773,26.358575439453148,19.016198730468773,20.359722137451172,26.276823043823242,13.877326011657715,19.813732147216797,25.69281005859375,13.401966094970703,20.31858253479004,26.231843948364258,13.823711395263672,18.46735191345215,25.0661678314209,11.13187026977539,18.101232528686523,24.6716251373291,10.814275741577148,18.438535690307617,25.034366607666016,11.094538688659668,21.019920349121094,25.44024085998535,16.240293502807617,20.76451873779297,25.163301467895508,16.017770767211914,20.999984741210938,25.418190002441406,16.21415138244629,22.441085815429688,29.76619529724121,14.477130889892578,21.979904174804688,29.26752471923828,14.074198722839355,22.405406951904297,29.726825714111328,14.43030071258545,16.826547622680664,21.794065475463867,11.277026176452637,16.495269775390625,21.44392204284668,10.978288650512695,16.801198959350586,21.766761779785156,11.242753982543945,16.826547622680664
2025,22.998559570312523,26.690454101562523,19.346185302734398,21.185052490234398,24.603295898437523,17.969201660156273,22.707269287109398,26.347863769531273,19.131799316406273,20.435253143310547,26.405601501464844,13.880274772644043,19.880525588989258,25.818140029907227,13.40603256225586,20.358306884765625,26.321823120117188,13.816485404968262,18.469852447509766,25.079666137695312,11.142123222351074,18.09465980529785,24.676422119140625,10.821953773498535,18.41559410095215,25.01983642578125,11.09763240814209,20.974897384643555,25.405569076538086,16.240489959716797,20.71449851989746,25.123327255249023,16.018268585205078,20.937421798706055,25.364116668701172,16.209501266479492,22.394136428833008,29.747228622436523,14.4799165725708,21.923738479614258,29.23940658569336,14.076702117919922,22.3270263671875,29.673234939575195,14.424180030822754,16.8217716217041,21.810213088989258,11.273886680603027,16.483200073242188,21.453479766845703,10.976273536682129,16.774036407470703,21.758819580078125,11.233128547668457,16.8217716217041
2026,23.022180175781273,26.629113769531273,19.338372802734398,21.204522705078148,24.571160888671898,17.979425048828148,22.729302978515648,26.290063476562523,19.126123046875023,20.525941848754883,26.25053596496582,13.615551948547363,19.975234985351562,25.67391014099121,13.144730567932129,20.449018478393555,26.167774200439453,13.551920890808105,18.634326934814453,25.076202392578125,10.933568954467773,18.258512496948242,24.6801700592041,10.624107360839844,18.579885482788086,25.01718521118164,10.890013694763184,21.081674575805664,25.403209686279297,16.105396270751953,20.820899963378906,25.124887466430664,15.889243125915527,21.044103622436523,25.362245559692383,16.075088500976562,22.5748233795166,29.736238479614258,14.233253479003906,22.104053497314453,29.236495971679688,13.841411590576172,22.507535934448242,29.663190841674805,14.178743362426758,16.970853805541992,21.813629150390625,11.040761947631836,16.63276481628418,21.46398162841797,10.75168514251709,16.923025131225586,21.763025283813477,11.000908851623535,16.970853805541992
2027,23.188623046875023,26.749108886718773,19.455651855468773,21.371087646484398,24.665521240234398,18.090112304687523,22.895379638671898,26.406945800781273,19.242517089843773,20.76559829711914,26.535987854003906,14.140816688537598,20.21306610107422,25.951396942138672,13.669317245483398,20.688377380371094,26.452123641967773,14.077134132385254,18.8254337310791,25.212919235229492,11.56828784942627,18.45276641845703,24.81451416015625,11.25635814666748,18.77129554748535,25.153545379638672,11.524650573730469,21.24227523803711,25.52950096130371,16.502954483032227,20.98377227783203,25.25046730041504,16.28543472290039,21.204923629760742,25.488370895385742,16.47254753112793,22.81968879699707,29.931875228881836,14.893158912658691,22.352638244628906,29.429824829101562,14.49862003326416,22.752771377563477,29.85841178894043,14.838482856750488,17.081266403198242,21.903091430664062,11.530896186828613,16.745866775512695,21.55120086669922,11.239824295043945,17.033710479736328,21.85211753845215,11.490974426269531,17.081266403198242
2028,23.062341308593773,26.722070312500023,19.217706298828148,21.245080566406273,24.662896728515648,17.866906738281273,22.769036865234398,26.384118652343773,19.007226562500023,20.68861961364746,26.540416717529297,13.246346473693848,20.139047622680664,25.96378517150879,12.781387329101562,20.611738204956055,26.457746505737305,13.183564186096191,18.726520538330078,25.207778930664062,10.502752304077148,18.35625648498535,24.81382179260254,10.195467948913574,18.672576904296875,25.149009704589844,10.459513664245605,21.15188217163086,25.53101348876953,15.823746681213379,20.89411735534668,25.25371551513672,15.60802936553955,21.114578247070312,25.490135192871094,15.793510437011719,22.680150985717773,29.93258285522461,13.765843391418457,22.214677810668945,29.43433952331543,13.375507354736328,22.613346099853516,29.85968589782715,13.71159553527832,17.011058807373047,21.90243148803711,10.690954208374023,16.676687240600586,21.553871154785156,10.403334617614746,16.963584899902344,21.85198974609375,10.651317596435547,17.011058807373047
2029,22.890039062500023,26.474145507812523,19.516381835937523,21.097436523437523,24.457666015625023,18.116571044921898,22.601068115234398,26.141748046875023,19.230401611328148,20.092174530029297,26.251249313354492,14.140848159790039,19.541120529174805,25.67327880859375,13.64907169342041,20.01522445678711,26.16834259033203,14.054272651672363,18.16006088256836,25.049283981323242,11.535398483276367,17.786991119384766,24.658588409423828,11.209057807922363,18.105880737304688,24.990806579589844,11.475675582885742,20.771772384643555,25.42261505126953,16.470685958862305,20.513132095336914,25.14738655090332,16.2459774017334,20.734439849853516,25.381946563720703,16.429393768310547,22.04722023010254,29.74343490600586,14.850105285644531,21.579914093017578,29.248733520507812,14.44134521484375,21.98029899597168,29.670839309692383,14.775740623474121,16.5538330078125,21.78380012512207,11.511934280395508,16.217689514160156,21.437105178833008,11.209121704101562,16.506174087524414,21.733449935913086,11.45744800567627,16.5538330078125
2030,23.194970703125023,26.769250488281273,19.514062500000023,21.390435791015648,24.722528076171898,18.148461914062523,22.770196533203148,26.277368164062523,19.202966308593773,20.8875732421875,26.65777587890625,14.02271556854248,20.336271286010742,26.07843017578125,13.549274444580078,20.774137496948242,26.53513526916504,13.92791748046875,19.01190757751465,25.380102157592773,11.353513717651367,18.64215660095215,24.986745834350586,11.041577339172363,18.932998657226562,25.29392433166504,11.288825988769531,21.375614166259766,25.651851654052734,16.393945693969727,21.118928909301758,25.375974655151367,16.177988052368164,21.321020126342773,25.591938018798828,16.349117279052734,23.032787322998047,30.124649047851562,14.706623077392578,22.56883430480957,29.628219604492188,14.31412124633789,22.934946060180664,30.017654418945312,14.625852584838867,17.235837936401367,22.024551391601562,11.364627838134766,16.902666091918945,21.676849365234375,11.073515892028809,17.166303634643555,21.950416564941406,11.305302619934082,17.235837936401367
2031,23.095513916015648,26.569604492187523,19.254144287109398,21.296502685546898,24.587823486328148,17.827294921875023,22.670861816406273,26.089959716796898,18.930505371093773,20.777170181274414,26.54860496520996,14.078703880310059,20.224214553833008,25.976184844970703,13.577722549438477,20.66307258605957,26.427021026611328,13.981164932250977,18.842479705810547,25.403217315673828,11.38879680633545,18.469505310058594,25.01924705505371,11.047751426696777,18.762788772583008,25.318729400634766,11.320292472839355,21.245677947998047,25.704565048217773,16.282407760620117,20.987144470214844,25.4326114654541,16.047679901123047,21.19064712524414,25.645408630371094,16.234806060791016,22.825902938842773,30.174484252929688,14.58239459991455,22.358543395996094,29.68647003173828,14.156001091003418,22.727184295654297,30.069011688232422,14.496661186218262,17.087888717651367,22.014904022216797,11.423796653747559,16.75165557861328,21.674652099609375,11.10818099975586,17.017568588256836,21.94202423095703,11.360958099365234,17.087888717651367
2032,22.872918701171898,26.455529785156273,19.286798095703148,21.078363037109398,24.443566894531273,17.902612304687523,22.450128173828148,25.970849609375023,18.971093750000023,20.28215980529785,26.177017211914062,12.903045654296875,19.72620964050293,25.59453582763672,12.423772811889648,20.168209075927734,26.05385398864746,12.808449745178223,18.3654727935791,24.980409622192383,10.148226737976074,17.990612030029297,24.58690643310547,9.829216957092285,18.285602569580078,24.894092559814453,10.08280086517334,20.893573760986328,25.355812072753906,15.568939208984375,20.633459091186523,25.078989028930664,15.350359916687012,20.83835220336914,25.295734405517578,15.523909568786621,22.25750160217285,29.647655487060547,13.338339805603027,21.78753089904785,29.150104522705078,12.940439224243164,22.15852928161621,29.540409088134766,13.25707721710205,16.730648040771484,21.7327823638916,10.362100601196289,16.392513275146484,21.384143829345703,10.066437721252441,16.660154342651367,21.658374786376953,10.302337646484375,16.730648040771484
2033,23.123468017578148,26.678155517578148,19.705712890625023,21.320245361328148,24.645349121093773,18.341821289062523,22.699182128906273,26.190332031250023,19.395501708984398,20.450695037841797,26.397294998168945,14.391790390014648,19.9029541015625,25.82118797302246,13.910624504089355,20.33793830871582,26.27536964416504,14.295954704284668,18.517696380615234,25.17953872680664,11.693825721740723,18.14862632751465,24.78646469116211,11.376476287841797,18.438705444335938,25.093265533447266,11.628413200378418,21.03041648864746,25.488449096679688,16.6286563873291,20.774574279785156,25.212055206298828,16.408533096313477,20.9759464263916,25.428476333618164,16.583303451538086,22.474254608154297,29.86942481994629,15.09953784942627,22.011770248413086,29.372760772705078,14.700457572937012,22.3765811920166,29.762399673461914,15.017948150634766,16.84613037109375,21.878158569335938,11.632344245910645,16.513620376586914,21.53125762939453,11.338862419128418,16.776607513427734,21.804100036621094,11.572824478149414,16.84613037109375
2034,23.247125244140648,26.812860107421898,19.202386474609398,21.450067138671898,24.823114013671898,17.802575683593773,22.823663330078148,26.332879638671898,18.817529296875023,20.981618881225586,26.918575286865234,13.803372383117676,20.427318572998047,26.342802047729492,13.316671371459961,20.867340087890625,26.796228408813477,13.68702507019043,19.03034019470215,25.642515182495117,10.980626106262207,18.65765380859375,25.256916046142578,10.648311614990234,18.950763702392578,25.5574951171875,10.898653030395508,21.406761169433594,25.864286422729492,16.09228515625,21.149063110351562,25.592117309570312,15.862401008605957,21.351842880249023,25.80489730834961,16.035165786743164,23.076589584350586,30.445114135742188,14.25354290008545,22.610523223876953,29.956348419189453,13.836459159851074,22.978036880493164,30.339191436767578,14.150787353515625,17.22764015197754,22.168655395507812,11.144420623779297,16.89289665222168,21.82774543762207,10.835421562194824,17.15753746032715,22.09547996520996,11.068973541259766,17.22764015197754
2035,22.958398437500023,26.801141357421898,19.235864257812523,21.148065185546898,24.771325683593773,17.834191894531273,22.396722412109398,26.156854248046898,18.815484619140648,20.465900421142578,26.588651657104492,13.506183624267578,19.912065505981445,26.008928298950195,13.000494956970215,20.314754486083984,26.425975799560547,13.373894691467285,18.49242401123047,25.425628662109375,10.691671371459961,18.11448097229004,25.031938552856445,10.353713035583496,18.38570213317871,25.311134338378906,10.600363731384277,20.969589233398438,25.6264591217041,15.907496452331543,20.70728874206543,25.349342346191406,15.675559043884277,20.895767211914062,25.546607971191406,15.844280242919922,22.400793075561523,30.097524642944336,13.941741943359375,21.92742919921875,29.599931716918945,13.520217895507812,22.268512725830078,29.955049514770508,13.827820777893066,16.84518051147461,22.020002365112305,10.898163795471191,16.505224227905273,21.672807693481445,10.584991455078125,16.751001358032227,21.92146873474121,10.814363479614258,16.84518051147461
2036,23.182244873046898,26.974053955078148,19.539880371093773,21.359307861328148,24.877557373046898,18.172265625000023,22.615869140625023,26.308526611328148,19.130426025390648,20.671796798706055,26.656572341918945,14.1318941116333,20.116531372070312,26.078336715698242,13.652117729187012,20.519798278808594,26.493717193603516,14.004899024963379,18.75724220275879,25.407766342163086,11.4757719039917,18.38176155090332,25.008630752563477,11.162463188171387,18.650787353515625,25.291296005249023,11.390325546264648,21.162565231323242,25.60131072998047,16.480010986328125,20.902389526367188,25.321319580078125,16.263368606567383,21.089021682739258,25.520427703857422,16.420703887939453,22.70463752746582,30.081552505493164,14.837761878967285,22.234365463256836,29.578332901000977,14.443887710571289,22.57269859313965,29.93711280822754,14.730758666992188,17.029098510742188,22.050992965698242,11.42376708984375,16.690908432006836,21.69884490966797,11.132854461669922,16.935094833374023,21.950809478759766,11.345468521118164,17.029098510742188
2037,23.317864990234398,27.075036621093773,19.412774658203148,21.537957763671898,25.057641601562523,18.012902832031273,22.763726806640648,26.432031250000023,18.993157958984398,21.159683227539062,27.138154983520508,14.081889152526855,20.60532569885254,26.559247970581055,13.592294692993164,21.007400512695312,26.975175857543945,13.952898979187012,19.21741485595703,25.904373168945312,11.35539722442627,18.848373413085938,25.516645431518555,11.028117179870605,19.112653732299805,25.791763305664062,11.266560554504395,21.55953598022461,26.055818557739258,16.36077880859375,21.30406951904297,25.783058166503906,16.134965896606445,21.48712921142578,25.97718620300293,16.299091339111328,23.31193733215332,30.75172996520996,14.678021430969238,22.849838256835938,30.26096534729004,14.267814636230469,23.181922912597656,30.61110496520996,14.566831588745117,17.347461700439453,22.34024429321289,11.391149520874023,17.015546798706055,21.99755096435547,11.087193489074707,17.254898071289062,22.24280548095703,11.309417724609375,17.347461700439453
2038,23.135736083984398,26.892449951171898,19.412957763671898,21.327661132812523,24.901513671875023,17.978631591796898,22.573205566406273,26.256890869140648,18.985986328125023,20.755491256713867,26.888965606689453,13.633882522583008,20.199621200561523,26.316579818725586,13.142900466918945,20.60301399230957,26.727252960205078,13.505288124084473,18.822668075561523,25.733516693115234,10.988917350769043,18.446870803833008,25.350025177001953,10.658235549926758,18.71586799621582,25.621217727661133,10.899458885192871,21.21162223815918,25.898786544799805,16.075950622558594,20.95186424255371,25.627601623535156,15.850207328796387,21.138015747070312,25.820308685302734,16.01420783996582,22.782793045043945,30.512903213500977,14.200236320495605,22.313125610351562,30.02604866027832,13.788893699645996,22.650665283203125,30.37281608581543,14.088757514953613,17.07192039489746,22.238014221191406,11.04326057434082,16.733943939208984,21.8984375,10.73818588256836,16.977659225463867,22.141082763671875,10.96131420135498,17.07192039489746
2039,23.173364257812523,27.156518554687523,19.601342773437523,21.349359130859398,25.087609863281273,18.221063232421898,22.608209228515648,26.499993896484398,19.122430419921898,20.526443481445312,26.81022834777832,13.342607498168945,19.975961685180664,26.230915069580078,12.86790657043457,20.375450134277344,26.646699905395508,13.196242332458496,18.62000846862793,25.61952781677246,10.717092514038086,18.24568748474121,25.225317001342773,10.4052095413208,18.51381492614746,25.504106521606445,10.61785888671875,21.052404403686523,25.76303482055664,15.950636863708496,20.792484283447266,25.485321044921875,15.733345031738281,20.978899002075195,25.68257713317871,15.881332397460938,22.53096580505371,30.349735260009766,13.952503204345703,22.061450958251953,29.85074806213379,13.558192253112793,22.399166107177734,30.206073760986328,13.827795028686523,16.909595489501953,22.213340759277344,10.738045692443848,16.572280883789062,21.864484786987305,10.447532653808594,16.815736770629883,22.113800048828125,10.646964073181152,16.909595489501953
2040,23.270928955078148,26.898431396484398,19.499780273437523,21.478692626953148,24.896447753906273,18.112420654296898,22.578729248046898,26.106591796875023,18.982507324218773,20.878082275390625,26.98699188232422,13.646492958068848,20.324424743652344,26.409320831298828,13.165534019470215,20.687227249145508,26.782451629638672,13.48668098449707,18.927791595458984,25.655668258666992,10.94086742401123,18.55767250061035,25.266382217407227,10.621866226196289,18.796321868896484,25.513912200927734,10.831788063049316,21.34032440185547,25.89374351501465,16.09488296508789,21.083723068237305,25.620100021362305,15.87458324432373,21.249319076538086,25.794763565063477,16.019195556640625,22.96286964416504,30.495738983154297,14.210409164428711,22.499027252197266,30.003507614135742,13.809930801391602,22.799482345581055,30.318695068359375,14.07382869720459,17.119285583496094,22.189180374145508,10.968549728393555,16.78622817993164,21.84464454650879,10.672268867492676,17.002904891967773,22.066162109375,10.868226051330566,17.119285583496094
2041,23.222528076171898,27.043237304687523,19.546655273437523,21.449700927734398,25.104882812500023,18.127099609375023,22.537194824218773,26.276574707031273,19.017327880859398,20.722068786621094,27.21836280822754,14.329490661621094,20.17548942565918,26.65577507019043,13.829422950744629,20.533008575439453,27.018064498901367,14.164261817932129,18.754444122314453,25.941064834594727,11.720163345336914,18.38629913330078,25.562471389770508,11.387124061584473,18.623218536376953,25.802120208740234,11.607357025146484,21.212039947509766,26.09031867980957,16.595382690429688,20.956886291503906,25.822084426879883,16.367277145385742,21.12127113342285,25.99284553527832,16.51744270324707,22.75601577758789,30.814786911010742,15.060284614562988,22.294910430908203,30.3337345123291,14.644883155822754,22.593061447143555,30.64090919494629,14.919417381286621,16.973793029785156,22.390892028808594,11.664081573486328,16.642732620239258,22.056419372558594,11.356895446777344,16.857698440551758,22.270877838134766,11.560891151428223,16.973793029785156
2042,23.214929199218773,26.981683349609398,19.358758544921898,21.405023193359398,24.943139648437523,17.954095458984398,22.515222167968773,26.174737548828148,18.832482910156273,20.896738052368164,26.81537437438965,14.11368179321289,20.33924102783203,26.232860565185547,13.614655494689941,20.704572677612305,26.609325408935547,13.947883605957031,18.985370635986328,25.596181869506836,11.404595375061035,18.60870933532715,25.20033073425293,11.07310962677002,18.851734161376953,25.452003479003906,11.290962219238281,21.31868553161621,25.763978958129883,16.349136352539062,21.057796478271484,25.485530853271484,16.122394561767578,21.22634506225586,25.663421630859375,16.270950317382812,22.961544036865234,30.326126098632812,14.672647476196289,22.489933013916016,29.82553482055664,14.259465217590332,22.79564094543457,30.146291732788086,14.531249046325684,17.199609756469727,22.160579681396484,11.435455322265625,16.860891342163086,21.810550689697266,11.128247261047363,17.081342697143555,22.03569984436035,11.331151008605957,17.199609756469727
2043,23.377954101562523,27.331018066406273,19.815179443359398,21.569238281250023,25.241784667968773,18.466455078125023,22.678002929687523,26.504571533203148,19.310845947265648,21.193716049194336,27.26234245300293,14.547597885131836,20.636249542236328,26.676921844482422,14.070019721984863,21.001384735107422,27.055313110351562,14.38796615600586,19.301265716552734,26.025169372558594,11.888252258300781,18.928300857543945,25.62736701965332,11.577885627746582,19.16880226135254,25.880460739135742,11.781585693359375,21.57047462463379,26.07630157470703,16.830881118774414,21.312335968017578,25.798418045043945,16.61564826965332,21.478918075561523,25.975831985473633,16.756664276123047,23.360010147094727,30.82935905456543,15.406758308410645,22.892820358276367,30.328426361083984,15.015517234802246,23.195415496826172,30.649324417114258,15.272871971130371,17.44347381591797,22.460102081298828,11.79720401763916,17.107500076293945,22.10890007019043,11.508586883544922,17.326065063476562,22.33492088317871,11.699315071105957,17.44347381591797
2044,23.529626464843773,27.290765380859398,19.341455078125023,21.735681152343773,25.263116455078148,17.935968017578148,22.834466552734398,26.486535644531273,18.747460937500023,21.403564453125,27.43131446838379,14.35977554321289,20.847389221191406,26.84947967529297,13.857320785522461,21.211288452148438,27.225234985351562,14.170079231262207,19.454055786132812,26.12654685974121,11.687896728515625,19.08205795288086,25.731529235839844,11.351194381713867,19.321685791015625,25.982757568359375,11.5576171875,21.707670211791992,26.165639877319336,16.551929473876953,21.450593948364258,25.889068603515625,16.322315216064453,21.6163387298584,26.06560516357422,16.462255477905273,23.56993293762207,30.96152687072754,15.0045747756958,23.104736328125,30.463756561279297,14.586309432983398,23.405710220336914,30.782421112060547,14.842453002929688,17.527973175048828,22.499147415161133,11.680950164794922,17.193988800048828,22.151199340820312,11.370611190795898,17.410968780517578,22.374759674072266,11.56169319152832,17.527973175048828
2045,23.390588378906273,27.307000732421898,19.706170654296898,21.567102050781273,25.239556884765648,18.341638183593773,22.548944091796898,26.327722167968773,19.095666503906273,21.030336380004883,27.21732521057129,14.204765319824219,20.4759464263916,26.636960983276367,13.735286712646484,20.7990665435791,26.968713760375977,14.013768196105957,19.124542236328125,25.963611602783203,11.497891426086426,18.748559951782227,25.567928314208984,11.186625480651855,18.9636173248291,25.789682388305664,11.368163108825684,21.405162811279297,26.017560958862305,16.481258392333984,21.14518165588379,25.740476608276367,16.263587951660156,21.2939453125,25.896448135375977,16.390485763549805,23.10830307006836,30.74810791015625,14.857279777526855,22.63790512084961,30.248960494995117,14.462813377380371,22.90831756591797,30.53109359741211,14.69375991821289,17.295490264892578,22.427289962768555,11.436859130859375,16.95735740661621,22.077537536621094,11.14636516571045,17.152769088745117,22.276288986206055,11.31709098815918,17.295490264892578
2046,23.372583007812523,26.841210937500023,19.589257812500023,21.593011474609398,24.901116943359398,18.186151123046898,22.546411132812523,25.915979003906273,18.959405517578148,21.19501304626465,27.11253547668457,13.874168395996094,20.64431381225586,26.542484283447266,13.372934341430664,20.964601516723633,26.868181228637695,13.671996116638184,19.227407455444336,25.842817306518555,11.206243515014648,18.85736656188965,25.464120864868164,10.875195503234863,19.068517684936523,25.676103591918945,11.069358825683594,21.53814697265625,26.055831909179688,16.247106552124023,21.28133773803711,25.787694931030273,16.02152442932129,21.428041458129883,25.938522338867188,16.153217315673828,23.294925689697266,30.731809616088867,14.477025985717773,22.830841064453125,30.250198364257812,14.065765380859375,23.097034454345703,30.522062301635742,14.306971549987793,17.35388946533203,22.30358123779297,11.204442977905273,17.020910263061523,21.96767234802246,10.89925765991211,17.212778091430664,22.158111572265625,11.079102516174316,17.35388946533203
2047,23.326318359375023,26.891809082031273,19.881036376953148,21.512322998046898,24.846826171875023,18.542504882812523,22.486505126953148,25.924859619140648,19.280541992187523,20.892200469970703,26.778345108032227,14.246453285217285,20.33452033996582,26.19767189025879,13.768117904663086,20.65896987915039,26.529911041259766,14.052607536315918,18.92485237121582,25.414934158325195,11.585320472717285,18.549041748046875,25.020078659057617,11.275152206420898,18.76348114013672,25.241756439208984,11.456241607666016,21.293338775634766,25.6698055267334,16.57569694519043,21.034547805786133,25.393266677856445,16.362016677856445,21.182294845581055,25.549345016479492,16.48642921447754,22.91383934020996,30.167142868041992,14.972352027893066,22.445119857788086,29.66942024230957,14.583501815795898,22.71392822265625,29.951345443725586,14.810996055603027,17.13289451599121,22.041316986083984,11.418281555175781,16.795169830322266,21.692058563232422,11.130739212036133,16.98983383178711,21.890771865844727,11.299784660339355,17.13289451599121
2048,23.560510253906273,27.179528808593773,19.551416015625023,21.780786132812523,25.174554443359398,18.184533691406273,22.735345458984398,26.230035400390648,18.938378906250023,21.37586212158203,27.512985229492188,14.208404541015625,20.820796966552734,26.933801651000977,13.72216796875,21.143325805664062,27.265398025512695,14.012381553649902,19.38616180419922,26.123685836791992,11.47399616241455,19.017488479614258,25.733108520507812,11.152358055114746,19.227731704711914,25.95279884338379,11.340826034545898,21.680238723754883,26.212648391723633,16.472301483154297,21.426166534423828,25.939247131347656,16.251623153686523,21.571002960205078,26.093647003173828,16.380443572998047,23.501834869384766,31.009349822998047,14.844006538391113,23.041500091552734,30.51689338684082,14.442238807678223,23.305118560791016,30.796001434326172,14.67784595489502,17.42218589782715,22.49367332458496,11.459833145141602,17.09100341796875,22.149044036865234,11.161447525024414,17.281652450561523,22.34523582458496,11.33719539642334,17.42218589782715
2049,23.532708740234398,27.154199218750023,19.852258300781273,21.736627197265648,25.152337646484398,18.461145019531273,22.703485107421898,26.208398437500023,19.161676025390648,21.260292053222656,27.214157104492188,14.763470649719238,20.70796775817871,26.643095016479492,14.256985664367676,21.029481887817383,26.968599319458008,14.535773277282715,19.26049041748047,25.740192413330078,11.977916717529297,18.888425827026367,25.35016632080078,11.646605491638184,19.100996017456055,25.568294525146484,11.82599925994873,21.54077911376953,25.90057373046875,16.805130004882812,21.283998489379883,25.627506256103516,16.578941345214844,21.430814743041992,25.781156539916992,16.700387954711914,23.316125869750977,30.550081253051758,15.407116889953613,22.851469039916992,30.05899429321289,14.994885444641113,23.118310928344727,30.33631706237793,15.217537879943848,17.37657928466797,22.260608673095703,11.84659194946289,17.042600631713867,21.91733169555664,11.540732383728027,17.235363006591797,22.112077713012695,11.707001686096191,17.37657928466797
2050,23.705987548828148,27.487359619140648,19.698449707031273,21.873162841796898,25.435998535156273,18.301263427734398,22.715997314453148,26.352380371093773,18.964715576171898,21.71023178100586,27.698450088500977,14.827054023742676,21.150541305541992,27.116132736206055,14.33879566192627,21.43383026123047,27.403182983398438,14.594195365905762,19.703702926635742,26.297100067138672,12.189522743225098,19.329299926757812,25.90484046936035,11.866159439086914,19.514875411987305,26.094072341918945,12.03209400177002,21.8508243560791,26.304183959960938,16.903600692749023,21.592378616333008,26.029123306274414,16.68048095703125,21.720304489135742,26.162565231323242,16.794490814208984,23.822620391845703,31.189645767211914,15.574044227600098,23.354644775390625,30.694616317749023,15.16827392578125,23.587610244750977,30.935810089111328,15.376708030700684,17.71792984008789,22.63571548461914,12.015602111816406,17.381561279296875,22.289932250976562,11.715933799743652,17.550125122070312,22.459213256835938,11.870861053466797,17.71792984008789
2051,23.666558837890648,27.546105957031273,19.985498046875023,21.845056152343773,25.476159667968773,18.609185791015648,22.681237792968773,26.401513671875023,19.263452148437523,21.595054626464844,27.68523597717285,15.193001747131348,21.041160583496094,27.101167678833008,14.715665817260742,21.32068634033203,27.389894485473633,14.963358879089355,19.63238525390625,26.351882934570312,12.52044677734375,19.259267807006836,25.951677322387695,12.204623222351074,19.443601608276367,26.145423889160156,12.36562442779541,21.792335510253906,26.309083938598633,17.185073852539062,21.534894943237305,26.030324935913086,16.966352462768555,21.662004470825195,26.165861129760742,17.07729148864746,23.730159759521484,31.215744018554688,16.026029586791992,23.264081954956055,30.713369369506836,15.628398895263672,23.495481491088867,30.95872688293457,15.831303596496582,17.66836929321289,22.70081329345703,12.300374031066895,17.333721160888672,22.349048614501953,12.008323669433594,17.50092887878418,22.52179527282715,12.158414840698242,17.66836929321289
2052,23.579827880859398,27.285852050781273,19.795465087890648,21.782617187500023,25.277001953125023,18.402429199218773,22.605371093750023,26.168237304687523,19.062188720703148,21.702503204345703,27.65955924987793,15.046296119689941,21.14798927307129,27.08283233642578,14.535053253173828,21.42789077758789,27.367265701293945,14.802689552307129,19.696327209472656,26.221975326538086,12.428767204284668,19.325531005859375,25.83283805847168,12.092935562133789,19.508495330810547,26.02060890197754,12.264925956726074,21.869543075561523,26.29118537902832,17.05146026611328,21.613235473632812,26.018301010131836,16.821922302246094,21.739763259887695,26.150609970092773,16.93877410888672,23.839509963989258,31.136287689208984,15.829120635986328,23.375526428222656,30.6450138092041,15.410937309265137,23.60577392578125,30.88420867919922,15.625062942504883,17.719587326049805,22.558853149414062,12.214046478271484,17.386341094970703,22.2154541015625,11.904080390930176,17.55266761779785,22.38341522216797,12.06386947631836,17.719587326049805
2053,23.676751708984398,27.486047363281273,19.687249755859398,21.859582519531273,25.464288330078148,18.294366455078148,22.691278076171898,26.366296386718773,18.954949951171898,21.613197326660156,27.634063720703125,14.609406471252441,21.051204681396484,27.054996490478516,14.112881660461426,21.335683822631836,27.340787887573242,14.371943473815918,19.6724910736084,26.235300064086914,11.87531566619873,19.29497528076172,25.839757919311523,11.544840812683105,19.481491088867188,26.030515670776367,11.713926315307617,21.798561096191406,26.237876892089844,16.748828887939453,21.53809356689453,25.960607528686523,16.523300170898438,21.666776657104492,26.095155715942383,16.6378116607666,23.751283645629883,31.106271743774414,15.313362121582031,23.279996871948242,30.60786247253418,14.9025239944458,23.514049530029297,30.850738525390625,15.112297058105469,17.703187942504883,22.6184024810791,11.82148551940918,17.364931106567383,22.270599365234375,11.516900062561035,17.533876419067383,22.440948486328125,11.673365592956543,17.703187942504883
2054,23.717279052734398,27.695367431640648,19.771997070312523,21.905877685546898,25.658013916015648,18.375848388671898,22.736322021484398,26.568750000000023,18.967950439453148,21.80118179321289,28.01166534423828,14.86097240447998,21.242164611816406,27.42786979675293,14.371902465820312,21.524457931518555,27.71619987487793,14.603739738464355,19.84385108947754,26.593774795532227,12.219944953918457,19.468151092529297,26.197818756103516,11.892738342285156,19.65383529663086,26.38909339904785,12.044654846191406,21.942195892333984,26.500642776489258,16.918031692504883,21.682899475097656,26.22360610961914,16.693063735961914,21.810897827148438,26.3580322265625,16.796594619750977,23.972166061401367,31.520736694335938,15.602211952209473,23.50281524658203,31.021930694580078,15.192934036254883,23.73577308654785,31.265039443969727,15.38249397277832,17.824748992919922,22.85199737548828,12.033660888671875,17.487672805786133,22.503421783447266,11.73196792602539,17.65603256225586,22.674224853515625,11.872686386108398,17.824748992919922
2055,23.717034912109398,27.540826416015648,19.972558593750023,21.882867431640648,25.473016357421898,18.575677490234398,22.581842041015648,26.231896972656273,19.137719726562523,21.504756927490234,27.5195369720459,14.798470497131348,20.95353126525879,26.943546295166016,14.320819854736328,21.189605712890625,27.182659149169922,14.5329008102417,19.528461456298828,26.089069366455078,12.04757022857666,19.154556274414062,25.691181182861328,11.728878021240234,19.310619354248047,25.852163314819336,11.86777400970459,21.69029998779297,26.08049964904785,16.828828811645508,21.431262969970703,25.802461624145508,16.60700798034668,21.539321899414062,25.915630340576172,16.703203201293945,23.581562042236328,30.8826904296875,15.453429222106934,23.113204956054688,30.382471084594727,15.051074981689453,23.3098201751709,30.58709144592285,15.226689338684082,17.58756446838379,22.526460647583008,11.87846565246582,17.251983642578125,22.176897048950195,11.582170486450195,17.393795013427734,22.320695877075195,11.71233081817627,17.58756446838379
2056,23.928887939453148,27.921685791015648,19.728814697265648,22.104028320312523,25.844842529296898,18.334924316406273,22.796441650390648,26.597955322265648,18.891351318359398,21.918655395507812,28.337196350097656,14.232474327087402,21.365318298339844,27.753442764282227,13.743585586547852,21.60084342956543,27.9947566986084,13.961691856384277,19.849668502807617,26.88701057434082,11.433466911315918,19.47701072692871,26.48983383178711,11.105810165405273,19.63180160522461,26.65009307861328,11.249109268188477,21.940385818481445,26.669034957885742,16.405555725097656,21.68275260925293,26.3920955657959,16.180377960205078,21.789752960205078,26.504322052001953,16.278085708618164,23.973804473876953,31.7928524017334,14.747493743896484,23.507801055908203,31.293317794799805,14.338397979736328,23.70250701904297,31.496721267700195,14.516952514648438,17.78603744506836,23.00223731994629,11.36136245727539,17.451963424682617,22.65273094177246,11.058698654174805,17.592348098754883,22.795682907104492,11.191536903381348,17.78603744506836
2057,23.659356689453148,27.477929687500023,19.910119628906273,21.850854492187523,25.422692871093773,18.527368164062523,22.540917968750023,26.177178955078148,19.079217529296898,21.443519592285156,27.435213088989258,15.393714904785156,20.892074584960938,26.858335494995117,14.91179084777832,21.128135681152344,27.098386764526367,15.125602722167969,19.420570373535156,26.04168128967285,12.619211196899414,19.046916961669922,25.643341064453125,12.299652099609375,19.202844619750977,25.80497932434082,12.438651084899902,21.630395889282227,26.066694259643555,17.260351181030273,21.371742248535156,25.788938522338867,17.037479400634766,21.47960662841797,25.902137756347656,17.134103775024414,23.47700309753418,30.839351654052734,16.165952682495117,23.00952911376953,30.33933448791504,15.76181697845459,23.205663681030273,30.54422378540039,15.937971115112305,17.4996280670166,22.468761444091797,12.422493934631348,17.164182662963867,22.119152069091797,12.12529182434082,17.305763244628906,22.263248443603516,12.255749702453613,17.4996280670166
2058,23.913415527343773,27.725732421875023,19.963647460937523,22.099755859375023,25.726220703125023,18.572595214843773,22.788751220703148,26.455529785156273,19.127252197265648,22.07915687561035,28.148168563842773,15.230669021606445,21.524282455444336,27.566238403320312,14.735296249389648,21.76093292236328,27.807353973388672,14.956088066101074,20.050962448120117,26.697219848632812,12.599205017089844,19.67905044555664,26.304677963256836,12.274231910705566,19.833751678466797,26.463275909423828,12.415792465209961,22.079315185546875,26.554153442382812,17.194835662841797,21.822444915771484,26.279300689697266,16.97228240966797,21.929235458374023,26.39097785949707,17.068660736083984,24.198837280273438,31.607425689697266,16.044479370117188,23.733949661254883,31.112688064575195,15.63905143737793,23.928373336791992,31.31456756591797,15.81571102142334,17.949329376220703,22.885120391845703,12.313121795654297,17.6159725189209,22.540128707885742,12.013200759887695,17.75627899169922,22.681507110595703,12.144783020019531,17.949329376220703
2059,24.197229003906273,28.257623291015648,20.338983154296898,22.359918212890648,26.161157226562523,18.974938964843773,23.061242675781273,26.932916259765648,19.456964111328148,22.312808990478516,28.616384506225586,15.58772087097168,21.756750106811523,28.025596618652344,15.107037544250488,21.993549346923828,28.269908905029297,15.298112869262695,20.314807891845703,27.124265670776367,12.839803695678711,19.943117141723633,26.722795486450195,12.523764610290527,20.09772491455078,26.885072708129883,12.6470365524292,22.27063751220703,26.839345932006836,17.428558349609375,22.014680862426758,26.561281204223633,17.2098331451416,22.120967864990234,26.674158096313477,17.294349670410156,24.5103816986084,32.097930908203125,16.40428924560547,24.04645347595215,31.595741271972656,16.006763458251953,24.240381240844727,31.800643920898438,16.161476135253906,18.136096954345703,23.22108268737793,12.454571723937988,17.80340003967285,22.869476318359375,12.16219425201416,17.94348907470703,23.013683319091797,12.27678108215332,18.136096954345703
2060,24.086175537109398,28.075646972656273,19.879724121093773,22.279748535156273,26.052301025390648,18.530877685546898,22.835076904296898,26.640863037109398,18.973168945312523,22.385190963745117,28.656490325927734,15.071843147277832,21.829198837280273,28.076509475708008,14.583427429199219,22.0247859954834,28.271678924560547,14.764693260192871,20.308298110961914,27.149991989135742,12.37884521484375,19.93499183654785,26.757835388183594,12.056236267089844,20.062747955322266,26.88634490966797,12.173304557800293,22.277368545532227,26.904993057250977,17.03641128540039,22.019763946533203,26.63060760498047,16.814193725585938,22.10772132873535,26.72093391418457,16.89410400390625,24.513154983520508,32.16748809814453,15.788141250610352,24.046924591064453,31.67361068725586,15.383991241455078,24.207233428955078,31.83712387084961,15.53035831451416,18.12117576599121,23.203922271728516,12.120559692382812,17.787078857421875,22.86018180847168,11.821564674377441,17.902795791625977,22.974693298339844,11.93065071105957,18.12117576599121
2061,23.883660888671898,27.920312500000023,19.946466064453148,22.058465576171898,25.873040771484398,18.530999755859398,22.619012451171898,26.468927001953148,18.997857666015648,22.02743148803711,28.268991470336914,15.278716087341309,21.467605590820312,27.684526443481445,14.779748916625977,21.664262771606445,27.881189346313477,14.965874671936035,20.017343521118164,26.8582763671875,12.609189987182617,19.640188217163086,26.461837768554688,12.280316352844238,19.769182205200195,26.591873168945312,12.399740219116211,22.034303665161133,26.64389991760254,17.18840217590332,21.77484130859375,26.36684799194336,16.962909698486328,21.863290786743164,26.458065032958984,17.044004440307617,24.134550094604492,31.761821746826172,16.05533790588379,23.664459228515625,31.262779235839844,15.644463539123535,23.825927734375,31.428091049194336,15.793421745300293,17.921401977539062,22.990894317626953,12.362672805786133,17.583311080932617,22.642311096191406,12.058112144470215,17.700389862060547,22.758525848388672,12.169462203979492,17.921401977539062
2062,24.292413330078148,28.346673583984398,20.648461914062523,22.446130371093773,26.233483886718773,19.284356689453148,23.013635253906273,26.854730224609398,19.732080078125023,22.482769012451172,28.691450119018555,15.826412200927734,21.92548942565918,28.10352897644043,15.353571891784668,22.120758056640625,28.302860260009766,15.526933670043945,20.455320358276367,27.18092155456543,13.095048904418945,20.082382202148438,26.777986526489258,12.786529541015625,20.209678649902344,26.911800384521484,12.897896766662598,22.34851837158203,26.862699508666992,17.64317512512207,22.09103012084961,26.58325958251953,17.428361892700195,22.17878532409668,26.676307678222656,17.505537033081055,24.650798797607422,32.139312744140625,16.745426177978516,24.184553146362305,31.63495445251465,16.355443954467773,24.344568252563477,31.803852081298828,16.496429443359375,18.24286651611328,23.246501922607422,12.629687309265137,17.908971786499023,22.89368438720703,12.344980239868164,18.02434730529785,23.012531280517578,12.448566436767578,18.24286651611328
2063,24.226861572265648,28.003137207031273,19.707482910156273,22.445367431640648,26.016046142578148,18.302423095703148,22.989251708984398,26.585412597656273,18.767968750000023,22.624046325683594,28.768308639526367,15.124367713928223,22.07207489013672,28.191864013671875,14.612008094787598,22.26442527770996,28.38477897644043,14.803289413452148,20.564241409301758,27.29603385925293,12.309197425842285,20.198326110839844,26.91206932067871,11.967077255249023,20.322616577148438,27.037010192871094,12.0927095413208,22.50091552734375,27.072622299194336,16.98882484436035,22.24770164489746,26.803607940673828,16.757583618164062,22.33379554748535,26.891677856445312,16.841276168823242,24.85927391052246,32.39603042602539,15.740549087524414,24.400951385498047,31.911407470703125,15.31804370880127,24.557703018188477,32.07081604003906,15.472107887268066,18.30828094482422,23.29677963256836,12.172080993652344,17.98063087463379,22.95955467224121,11.857022285461426,18.093326568603516,23.070932388305664,11.972858428955078,18.30828094482422
2064,23.736810302734398,27.736810302734398,19.934045410156273,21.919610595703148,25.724328613281273,18.485375976562523,22.479516601562523,26.310418701171898,18.893945312500023,21.864459991455078,28.028379440307617,15.332606315612793,21.301836013793945,27.446727752685547,14.823945999145508,21.499839782714844,27.64317512512207,14.988601684570312,19.86880874633789,26.665048599243164,12.598885536193848,19.48948097229004,26.27086067199707,12.256769180297852,19.619888305664062,26.400760650634766,12.365623474121094,21.920656204223633,26.497713088989258,17.159334182739258,21.659170150756836,26.221086502075195,16.925851821899414,21.748825073242188,26.312870025634766,16.99884605407715,23.956523895263672,31.52743148803711,16.029321670532227,23.48305320739746,31.030017852783203,15.603720664978027,23.646474838256836,31.195789337158203,15.73798656463623,17.829256057739258,22.86400032043457,12.368942260742188,17.48891830444336,22.517471313476562,12.05367660522461,17.6071720123291,22.63339614868164,12.154212951660156,17.829256057739258
2065,24.107354736328148,28.096276855468773,20.246881103515648,22.257104492187523,25.997125244140648,18.875817871093773,22.691247558593773,26.452539062500023,19.227197265625023,22.2485294342041,28.277116775512695,15.52038288116455,21.68891716003418,27.69387435913086,15.033492088317871,21.843257904052734,27.845680236816406,15.175785064697266,20.255294799804688,26.83338737487793,12.841559410095215,19.877140045166016,26.432069778442383,12.526557922363281,19.978652954101562,26.53382110595703,12.616328239440918,22.19087028503418,26.60856819152832,17.409082412719727,21.93056869506836,26.330158233642578,17.19062614440918,22.00003433227539,26.401220321655273,17.252511978149414,24.403913497924805,31.734130859375,16.3781681060791,23.93226432800293,31.231807708740234,15.981170654296875,24.059223175048828,31.360719680786133,16.094440460205078,18.124086380004883,23.023881912231445,12.459368705749512,17.785470962524414,22.672290802001953,12.167061805725098,17.877458572387695,22.762937545776367,12.25103759765625,18.124086380004883
2066,24.213647460937523,28.063989257812523,19.961022949218773,22.434625244140648,26.090692138671898,18.541802978515648,22.849694824218773,26.515435791015648,18.905633544921898,22.56450653076172,28.88081169128418,15.088177680969238,22.010883331298828,28.299116134643555,14.57757568359375,22.162267684936523,28.45023536682129,14.728331565856934,20.48578643798828,27.346769332885742,12.292241096496582,20.12004280090332,26.95825958251953,11.95561695098877,20.21700096130371,27.05668067932129,12.05250358581543,22.44691276550293,27.06148338317871,17.017253875732422,22.195205688476562,26.789804458618164,16.79006576538086,22.261789321899414,26.85906982421875,16.854503631591797,24.76310157775879,32.402748107910156,15.75363540649414,24.30652618408203,31.91298484802246,15.337964057922363,24.428159713745117,32.03835678100586,15.456841468811035,18.219942092895508,23.311887741088867,12.068483352661133,17.89209747314453,22.970714569091797,11.75905990600586,17.980009078979492,23.058242797851562,11.84830379486084,18.219942092895508
2067,23.851739501953148,27.692071533203148,20.080834960937523,22.045709228515648,25.687219238281273,18.684259033203148,22.470086669921898,26.119409179687523,19.047235107421898,21.863849639892578,27.94861602783203,14.80895709991455,21.305313110351562,27.369508743286133,14.323042869567871,21.45880889892578,27.520082473754883,14.466790199279785,19.814632415771484,26.58592414855957,12.109617233276367,19.435388565063477,26.195438385009766,11.784693717956543,19.53728675842285,26.294103622436523,11.878825187683105,21.917158126831055,26.48581314086914,16.8724422454834,21.657085418701172,26.212793350219727,16.64960289001465,21.726524353027344,26.282384872436523,16.713571548461914,23.940719604492188,31.49600601196289,15.506710052490234,23.469331741333008,31.00425910949707,15.10103988647461,23.596176147460938,31.130138397216797,15.218382835388184,17.775880813598633,22.832056045532227,11.86895751953125,17.4368896484375,22.488256454467773,11.568717956542969,17.528825759887695,22.57655143737793,11.656190872192383,17.775880813598633
2068,24.342340087890648,28.429711914062523,20.524591064453148,22.512475585937523,26.328515625000023,19.181329345703148,22.942437744140648,26.787469482421898,19.526727294921898,22.377216339111328,28.777326583862305,15.471391677856445,21.82542610168457,28.190820693969727,15.004630088806152,21.97607421875,28.343521118164062,15.14091682434082,20.358457565307617,27.31781578063965,12.764079093933105,19.988801956176758,26.914581298828125,12.46320915222168,20.086944580078125,27.017414093017578,12.549102783203125,22.308366775512695,26.94975471496582,17.372314453125,22.0535831451416,26.670812606811523,17.1630859375,22.12106704711914,26.74233627319336,17.22256088256836,24.56873321533203,32.29143142700195,16.280710220336914,24.106903076171875,31.787540435791016,15.899980545043945,24.230194091796875,31.917346954345703,16.00906753540039,18.14168930053711,23.364543914794922,12.244969367980957,17.810325622558594,23.011892318725586,11.965187072753906,17.89944839477539,23.103099822998047,12.046027183532715,18.14168930053711
2069,24.501428222656273,28.472406005859398,20.376733398437523,22.674157714843773,26.403649902343773,18.980859375000023,23.103570556640648,26.854364013671898,19.276635742187523,22.720739364624023,29.09730339050293,15.609943389892578,22.170682907104492,28.51349639892578,15.124824523925781,22.32097053527832,28.66486358642578,15.243977546691895,20.6060733795166,27.57621955871582,12.92699146270752,20.236507415771484,27.179357528686523,12.605575561523438,20.334867477416992,27.279895782470703,12.6832275390625,22.46441078186035,27.15534782409668,17.424013137817383,22.20876121520996,26.879575729370117,17.2004451751709,22.276683807373047,26.9497127532959,17.25376319885254,24.827489852905273,32.59773635864258,16.419553756713867,24.364912033081055,32.10042953491211,16.014108657836914,24.488725662231445,32.227657318115234,16.111663818359375,18.285207748413086,23.492992401123047,12.495495796203613,17.954647064208984,23.146211624145508,12.198084831237793,18.043804168701172,23.235462188720703,12.270265579223633,18.285207748413086
2070,24.308618164062523,28.369409179687523,20.152062988281273,22.469445800781273,26.316461181640648,18.732385253906273,22.770257568359398,26.616235351562523,18.996545410156273,22.57174301147461,28.806997299194336,15.243513107299805,22.01419448852539,28.230907440185547,14.7500638961792,22.124317169189453,28.33738136291504,14.856559753417969,20.550325393676758,27.380447387695312,12.616889953613281,20.17440414428711,26.983417510986328,12.291289329528809,20.246482849121094,27.055023193359375,12.359840393066406,22.40281867980957,27.005754470825195,17.18426513671875,22.143648147583008,26.728469848632812,16.963119506835938,22.193296432495117,26.779006958007812,17.00901985168457,24.741737365722656,32.36552047729492,16.01721954345703,24.272727966308594,31.86659049987793,15.613502502441406,24.36327362060547,31.957902908325195,15.698080062866211,18.297435760498047,23.384279251098633,12.239462852478027,17.961641311645508,23.03708267211914,11.940369606018066,18.026945114135742,23.10080909729004,12.00368881225586,18.297435760498047
2071,24.476708984375023,28.844476318359398,20.560479736328148,22.634576416015648,26.788446044921898,19.167626953125023,22.938165283203148,27.091271972656273,19.425378417968773,22.73837661743164,29.51866912841797,16.147924423217773,22.18218994140625,28.938640594482422,15.659876823425293,22.291748046875,29.045339584350586,15.765279769897461,20.727783203125,28.060970306396484,13.393131256103516,20.354711532592773,27.66651725769043,13.072427749633789,20.4265079498291,27.73755645751953,13.140449523925781,22.540420532226562,27.49303436279297,17.81867790222168,22.28350067138672,27.217954635620117,17.597640991210938,22.332782745361328,27.267961502075195,17.644174575805664,24.95275115966797,33.16028594970703,17.059833526611328,24.487272262573242,32.66481018066406,16.657695770263672,24.57725715637207,32.75526428222656,16.742904663085938,18.397567749023438,23.85788345336914,12.938596725463867,18.06428337097168,23.513784408569336,12.643112182617188,18.129175186157227,23.576780319213867,12.706062316894531,18.397567749023438
2072,24.533044433593773,28.697442626953148,20.296258544921898,22.708245849609398,26.654473876953148,18.879388427734398,23.006250000000023,26.954034423828148,19.142663574218773,23.019947052001953,29.441177368164062,15.864653587341309,22.460155487060547,28.853164672851562,15.361427307128906,22.570018768310547,28.961246490478516,15.47041130065918,20.958005905151367,27.994903564453125,13.200102806091309,20.58367919921875,27.59969139099121,12.868768692016602,20.655481338500977,27.67067527770996,12.938918113708496,22.73238754272461,27.471527099609375,17.626136779785156,22.47573471069336,27.19680404663086,17.40168571472168,22.524662017822266,27.246440887451172,17.448232650756836,25.261335372924805,33.096153259277344,16.755231857299805,24.795564651489258,32.60041046142578,16.34505271911621,24.88505744934082,32.69042205810547,16.43107795715332,18.598560333251953,23.77642822265625,12.769089698791504,18.264379501342773,23.43069076538086,12.465160369873047,18.32905387878418,23.493711471557617,12.529829978942871,18.598560333251953
2073,24.353662109375023,28.567712402343773,20.297113037109398,22.510308837890648,26.480798339843773,18.923730468750023,22.813195800781273,26.787988281250023,19.179010009765648,22.616146087646484,28.952943801879883,15.738322257995605,22.05997085571289,28.37049102783203,15.264273643493652,22.16968536376953,28.47795867919922,15.3643798828125,20.61372184753418,27.517061233520508,13.043700218200684,20.23853302001953,27.11619758605957,12.73132038116455,20.310646057128906,27.18851661682129,12.79627799987793,22.436376571655273,27.061492919921875,17.511680603027344,22.177888870239258,26.782182693481445,17.293697357177734,22.22739601135254,26.832969665527344,17.33884620666504,24.801626205444336,32.479759216308594,16.567752838134766,24.333478927612305,31.976642608642578,16.17232322692871,24.42386245727539,32.068538665771484,16.254737854003906,18.351470947265625,23.4793701171875,12.625337600708008,18.015975952148438,23.12882423400879,12.335003852844238,18.081268310546875,23.19305992126465,12.395788192749023,18.351470947265625
2074,24.477532958984398,28.531060791015648,20.499688720703148,22.631707763671898,26.499139404296898,19.101953125000023,22.934045410156273,26.795434570312523,19.296350097656273,22.877660751342773,29.1451473236084,15.62879753112793,22.323047637939453,28.568559646606445,15.137158393859863,22.431642532348633,28.674442291259766,15.219247817993164,20.858118057250977,27.707191467285156,12.963369369506836,20.48410415649414,27.316457748413086,12.640117645263672,20.555648803710938,27.386465072631836,12.693377494812012,22.61136245727539,27.282669067382812,17.474952697753906,22.35344696044922,27.00895118713379,17.254581451416016,22.402700424194336,27.05854606628418,17.289775848388672,25.085412979125977,32.79486846923828,16.483165740966797,24.618350982666016,32.30207443237305,16.080602645874023,24.708179473876953,32.391700744628906,16.145851135253906,18.523868560791016,23.61190414428711,12.482625961303711,18.189498901367188,23.2692813873291,12.185660362243652,18.254236221313477,23.331729888916016,12.2346830368042,18.523868560791016
2075,24.434289550781273,28.359948730468773,20.266503906250023,22.621942138671898,26.334313964843773,18.839471435546898,22.798974609375023,26.503991699218773,19.004205322265648,22.86720848083496,29.204517364501953,15.653984069824219,22.308021545410156,28.624034881591797,15.152899742126465,22.377952575683594,28.690536499023438,15.22298526763916,20.765058517456055,27.642105102539062,12.910679817199707,20.39092445373535,27.248836517333984,12.57764720916748,20.437314987182617,27.294269561767578,12.6234769821167,22.602832794189453,27.25072479248047,17.382848739624023,22.346599578857422,26.977073669433594,17.156381607055664,22.37799644470215,27.008888244628906,17.18684959411621,25.036706924438477,32.71730422973633,16.38116455078125,24.571502685546875,32.22351837158203,15.967752456665039,24.629013061523438,32.28104019165039,16.023962020874023,18.412006378173828,23.511465072631836,12.549161911010742,18.077993392944336,23.166912078857422,12.242548942565918,18.11963653564453,23.20703125,12.284585952758789,18.412006378173828
2076,24.674188232421898,28.992120361328148,20.834649658203148,22.828790283203148,26.895440673828148,19.474816894531273,23.009606933593773,27.073815917968773,19.631066894531273,22.865697860717773,29.492862701416016,16.295984268188477,22.30853271484375,28.900089263916016,15.830270767211914,22.37787628173828,28.968467712402344,15.893697738647461,20.804025650024414,27.98493194580078,13.536211013793945,20.427465438842773,27.57734489440918,13.23459243774414,20.473752975463867,27.62454605102539,13.275150299072266,22.574554443359375,27.37569236755371,17.955961227416992,22.316137313842773,27.09479331970215,17.74608039855957,22.347719192504883,27.127578735351562,17.77421760559082,25.03125,33.007930755615234,17.252004623413086,24.5626277923584,32.500125885009766,16.870519638061523,24.62035369873047,32.559513092041016,16.92198371887207,18.462011337280273,23.80194091796875,12.944665908813477,18.12619972229004,23.446855545043945,12.666377067565918,18.167804718017578,23.488401412963867,12.704203605651855,18.462011337280273
2077,24.699517822265648,28.787713623046898,20.297113037109398,22.904260253906273,26.764093017578148,18.885308837890648,23.076806640625023,26.930810546875023,19.046746826171898,23.447174072265625,29.8599796295166,16.12228012084961,22.893661499023438,29.277332305908203,15.617291450500488,22.961606979370117,29.34349250793457,15.687976837158203,21.292465209960938,28.20030403137207,13.411324501037598,20.926294326782227,27.8082332611084,13.078874588012695,20.970382690429688,27.852149963378906,13.124739646911621,23.01898193359375,27.695463180541992,17.734500885009766,22.767230987548828,27.423242568969727,17.507959365844727,22.797386169433594,27.45395851135254,17.538618087768555,25.701448440551758,33.432498931884766,16.95340347290039,25.24480438232422,32.941158294677734,16.540061950683594,25.299909591674805,32.99674987792969,16.596460342407227,18.817564010620117,23.927648544311523,12.953153610229492,18.490854263305664,23.58534812927246,12.64715576171875,18.530529022216797,23.62407684326172,12.689284324645996,18.817564010620117
2078,24.604211425781273,28.893609619140648,20.481408691406273,22.772576904296898,26.861840820312523,19.079888916015648,22.948510742187523,27.028039550781273,19.242059326171898,23.156354904174805,29.598024368286133,16.24127769470215,22.593801498413086,29.01690101623535,15.745612144470215,22.663469314575195,29.08219337463379,15.814642906188965,21.135826110839844,28.146766662597656,13.633870124816895,20.757722854614258,27.751928329467773,13.310689926147461,20.80377960205078,27.79597282409668,13.355133056640625,22.815250396728516,27.5794620513916,17.928396224975586,22.555908203125,27.304729461669922,17.708772659301758,22.587366104125977,27.335962295532227,17.73822593688965,25.41733741760254,33.288516998291016,17.244226455688477,24.947120666503906,32.79329299926758,16.8429012298584,25.004507064819336,32.84955978393555,16.897319793701172,18.744089126586914,23.91972541809082,13.105504989624023,18.407169342041016,23.5753231048584,12.8089017868042,18.44849967956543,23.614290237426758,12.849579811096191,18.744089126586914
2079,24.586999511718773,28.572045898437523,20.689080810546898,22.767480468750023,26.545678710937523,19.277368164062523,22.944329833984398,26.714654541015648,19.384332275390648,23.2694034576416,29.621715545654297,16.909074783325195,22.709095001220703,29.035676956176758,16.408344268798828,22.778310775756836,29.102670669555664,16.45807456970215,21.13800811767578,27.88701057434082,14.222065925598145,20.765945434570312,27.493051528930664,13.895904541015625,20.81110954284668,27.53770637512207,13.928009033203125,22.87413787841797,27.457260131835938,18.329547882080078,22.619640350341797,27.184053421020508,18.105968475341797,22.650157928466797,27.215343475341797,18.127464294433594,25.48423957824707,33.05766677856445,17.932022094726562,25.021808624267578,32.56425476074219,17.524213790893555,25.07777976989746,32.62086486816406,17.563823699951172,18.72382164001465,23.706226348876953,13.618681907653809,18.391630172729492,23.36186408996582,13.317536354064941,18.432226181030273,23.40129852294922,13.347249984741211,18.72382164001465
2080,25.045495605468773,29.476892089843773,20.960595703125023,23.195306396484398,27.364770507812523,19.581781005859398,23.286859130859398,27.456506347656273,19.660882568359398,23.760438919067383,30.398029327392578,17.10373878479004,23.201061248779297,29.80583953857422,16.622133255004883,23.23943519592285,29.843345642089844,16.65816307067871,21.6588191986084,28.776309967041016,14.366230010986328,21.2863712310791,28.374975204467773,14.05296516418457,21.312057495117188,28.400930404663086,14.076738357543945,23.206809997558594,27.984600067138672,18.48011589050293,22.95211410522461,27.708927154541016,18.26274299621582,22.969457626342773,27.726884841918945,18.278961181640625,26.043100357055664,33.96770477294922,18.137027740478516,25.580116271972656,33.46807861328125,17.741682052612305,25.611907958984375,33.500640869140625,17.771413803100586,19.086467742919922,24.327199935913086,13.63099193572998,18.754087448120117,23.977371215820312,13.341329574584961,18.77716827392578,24.000118255615234,13.363465309143066,19.086467742919922
2081,24.885888671875023,28.906640625000023,20.381921386718773,23.065209960937523,26.919519042968773,18.976281738281273,23.155633544921898,27.006707763671898,19.057824707031273,23.741634368896484,30.031028747558594,16.042848587036133,23.18655014038086,29.451709747314453,15.546079635620117,23.224443435668945,29.487886428833008,15.584449768066406,21.566253662109375,28.31133270263672,13.24770736694336,21.1942195892334,27.921382904052734,12.917896270751953,21.220014572143555,27.94692039489746,12.943467140197754,23.140409469604492,27.730403900146484,17.639854431152344,22.884119033813477,27.458377838134766,17.4136962890625,22.901887893676758,27.476398468017578,17.431074142456055,25.938720703125,33.512664794921875,16.804784774780273,25.474254608154297,33.02265167236328,16.392620086669922,25.506555557250977,33.0550651550293,16.4244384765625,19.023258209228516,23.982486724853516,12.824864387512207,18.691301345825195,23.64255142211914,12.51987075805664,18.71450424194336,23.664939880371094,12.543631553649902,19.023258209228516
2082,24.828485107421898,29.159509277343773,20.776574707031273,22.987359619140648,27.084161376953148,19.375695800781273,23.078454589843773,27.174249267578148,19.456506347656273,23.313608169555664,29.76765251159668,16.384811401367188,22.755624771118164,29.183469772338867,15.891965866088867,22.793167114257812,29.219560623168945,15.92949390411377,21.297773361206055,28.244544982910156,13.686539649963379,20.921812057495117,27.841651916503906,13.364986419677734,20.94754409790039,27.867576599121094,13.389623641967773,22.921401977539062,27.573511123657227,17.960227966308594,22.662858963012695,27.293506622314453,17.74159812927246,22.680587768554688,27.311845779418945,17.7580509185791,25.596881866455078,33.32462692260742,17.290470123291016,25.128225326538086,32.82002258300781,16.890764236450195,25.160484313964844,32.85301971435547,16.921037673950195,18.845876693725586,23.988317489624023,13.062039375305176,18.51028823852539,23.637361526489258,12.766432762145996,18.533493041992188,23.66023063659668,12.78904914855957,18.845876693725586
2083,24.929315185546898,29.119470214843773,20.690576171875023,23.097863769531273,27.094445800781273,19.268060302734398,23.189080810546898,27.180474853515648,19.349572753906273,23.648365020751953,30.29209327697754,16.070505142211914,23.087970733642578,29.710988998413086,15.57628059387207,23.126171112060547,29.74698829650879,15.613288879394531,21.43891143798828,28.60664176940918,13.348247528076172,21.061969757080078,28.212862014770508,13.02149772644043,21.088157653808594,28.238149642944336,13.046093940734863,23.055665969848633,27.931568145751953,17.71086883544922,22.79846954345703,27.65859603881836,17.488033294677734,22.816240310668945,27.676456451416016,17.504573822021484,25.79141616821289,33.83916091918945,16.89130210876465,25.324268341064453,33.34639358520508,16.48464012145996,25.356664657592773,33.37850570678711,16.514986038208008,18.889299392700195,24.187429428100586,12.80046558380127,18.553897857666016,23.84426498413086,12.500128746032715,18.577251434326172,23.866436004638672,12.522708892822266,18.889299392700195
2084,25.087976074218773,29.507287597656273,21.047845458984398,23.247613525390648,27.442895507812523,19.651879882812523,23.337884521484398,27.532220458984398,19.691033935546898,23.827896118164062,30.576351165771484,17.520687103271484,23.268644332885742,29.988567352294922,17.02362823486328,23.306594848632812,30.02543830871582,17.04431915283203,21.675941467285156,28.836307525634766,14.798449516296387,21.303110122680664,28.435619354248047,14.476521492004395,21.328655242919922,28.46161460876465,14.490172386169434,23.232431411743164,28.03738021850586,18.760496139526367,22.977088928222656,27.76047134399414,18.540739059448242,22.994487762451172,27.77874183654785,18.549814224243164,26.072961807250977,34.05567932128906,18.600759506225586,25.609346389770508,33.5553092956543,18.199426651000977,25.64110565185547,33.5882568359375,18.216096878051758,19.0639591217041,24.363815307617188,13.964054107666016,18.7318115234375,24.015270233154297,13.668270111083984,18.75472068786621,24.038061141967773,13.680809020996094,19.0639591217041
2085,25.315393066406273,29.507348632812523,20.738763427734398,23.461145019531273,27.428155517578148,19.339654541015648,23.486291503906273,27.452813720703148,19.360101318359398,24.365278244018555,30.79765510559082,16.860855102539062,23.80409812927246,30.213865280151367,16.365461349487305,23.81671905517578,30.225725173950195,16.377973556518555,22.160627365112305,29.01896858215332,14.137106895446777,21.783973693847656,28.623432159423828,13.807109832763672,21.79313850402832,28.632389068603516,13.816256523132324,23.569074630737305,28.20166778564453,18.225187301635742,23.311288833618164,27.927587509155273,17.9974422454834,23.31745719909668,27.933853149414062,18.003564834594727,26.630630493164062,34.281707763671875,17.778148651123047,26.162822723388672,33.78681182861328,17.364521026611328,26.17404556274414,33.79807662963867,17.375608444213867,19.442934036254883,24.4414119720459,13.52387523651123,19.108505249023438,24.097002029418945,13.219661712646484,19.116615295410156,24.104785919189453,13.227951049804688,19.442934036254883
2086,25.095605468750023,29.248803710937523,21.167535400390648,23.248590087890648,27.200555419921898,19.757257080078148,23.272821044921898,27.225427246093773,19.777246093750023,23.842552185058594,30.175846099853516,17.652992248535156,23.285818099975586,29.59633445739746,17.156658172607422,23.298175811767578,29.60823631286621,17.1684627532959,21.71697235107422,28.396589279174805,15.007796287536621,21.340333938598633,27.995893478393555,14.686508178710938,21.349483489990234,28.005271911621094,14.694640159606934,23.199626922607422,27.711198806762695,18.876068115234375,22.940629959106445,27.434377670288086,18.654586791992188,22.9468994140625,27.440956115722656,18.6601619720459,26.065908432006836,33.5467643737793,18.805194854736328,25.596940994262695,33.04766845703125,18.40192413330078,25.608253479003906,33.05942916870117,18.412015914916992,19.156984329223633,24.082242965698242,14.133167266845703,18.82192039489746,23.735197067260742,13.837522506713867,18.830032348632812,23.743263244628906,13.845052719116211,19.156984329223633
2087,25.359368896484398,29.638085937500023,20.783868408203148,23.524316406250023,27.641564941406273,19.365380859375023,23.548120117187523,27.664971923828148,19.386071777343773,24.467548370361328,31.183473587036133,16.42584228515625,23.910064697265625,30.607379913330078,15.930136680603027,23.922121047973633,30.618919372558594,15.94178581237793,22.270423889160156,29.392757415771484,13.719608306884766,21.89765167236328,29.007442474365234,13.39136028289795,21.90641975402832,29.016098022460938,13.39971923828125,23.65827178955078,28.553970336914062,17.975236892700195,23.403371810913086,28.286334991455078,17.749370574951172,23.40934181213379,28.29243278503418,17.7550048828125,26.773807525634766,34.82453918457031,17.323131561279297,26.310869216918945,34.341766357421875,16.91221809387207,26.321664810180664,34.3526725769043,16.92244529724121,19.528976440429688,24.732086181640625,13.077554702758789,19.198104858398438,24.397960662841797,12.77569580078125,19.20583724975586,24.405414581298828,12.783323287963867,19.528976440429688
2088,25.147912597656273,29.290216064453148,20.838006591796898,23.304711914062523,27.270166015625023,19.435662841796898,23.329064941406273,27.293817138671898,19.455560302734398,23.932950973510742,30.449254989624023,16.68406105041504,23.37472915649414,29.875154495239258,16.195894241333008,23.386829376220703,29.886571884155273,16.20717430114746,21.797269821166992,28.656471252441406,14.041045188903809,21.42057991027832,28.262922286987305,13.720529556274414,21.429595947265625,28.27184295654297,13.728535652160645,23.291330337524414,27.972463607788086,18.169158935546875,23.03302764892578,27.698152542114258,17.9495849609375,23.039186477661133,27.704463958740234,17.955039978027344,26.18904685974121,33.933738708496094,17.632457733154297,25.720781326293945,33.440189361572266,17.231788635253906,25.731904983520508,33.45145797729492,17.24168586730957,19.170490264892578,24.27932357788086,13.279870986938477,18.835988998413086,23.937395095825195,12.98429012298584,18.84396743774414,23.94510841369629,12.991691589355469,19.170490264892578
2089,25.296929931640648,29.663507080078148,21.444329833984398,23.429437255859398,27.576013183593773,20.024560546875023,23.453790283203148,27.600793457031273,20.031976318359398,24.268674850463867,30.779468536376953,18.33883285522461,23.709041595458984,30.194988250732422,17.84760093688965,23.72127914428711,30.207033157348633,17.852113723754883,22.109899520874023,29.074108123779297,15.595846176147461,21.7347354888916,28.675182342529297,15.274165153503418,21.743698120117188,28.684494018554688,15.277399063110352,23.499670028686523,28.191333770751953,19.298524856567383,23.242734909057617,27.916440963745117,19.077133178710938,23.248849868774414,27.922954559326172,19.079256057739258,26.528162002563477,34.30870819091797,19.51509666442871,26.06173324584961,33.811798095703125,19.11205291748047,26.07280158996582,33.823455810546875,19.11591148376465,19.39215850830078,24.53078842163086,14.638789176940918,19.058486938476562,24.185117721557617,14.344172477722168,19.06641387939453,24.193073272705078,14.34705638885498,19.39215850830078
2090,25.276177978515648,29.387475585937523,20.763299560546898,23.457727050781273,27.375909423828148,19.378656005859398,23.458551025390648,27.376672363281273,19.379174804687523,24.509618759155273,30.8425350189209,16.595754623413086,23.954875946044922,30.260414123535156,16.115495681762695,23.95566177368164,30.261140823364258,16.11614418029785,22.216693878173828,28.913101196289062,13.879416465759277,21.845855712890625,28.52035140991211,13.562847137451172,21.846454620361328,28.520936965942383,13.563352584838867,23.63097381591797,28.163095474243164,18.113176345825195,23.376956939697266,27.891651153564453,17.89560890197754,23.377365112304688,27.892061233520508,17.895946502685547,26.726295471191406,34.2188606262207,17.543872833251953,26.26517677307129,33.728515625,17.147890090942383,26.265899658203125,33.72925567626953,17.14849090576172,19.487531661987305,24.378772735595703,13.234797477722168,19.158044815063477,24.03782844543457,12.944058418273926,19.158571243286133,24.0383358001709,12.944504737854004,19.487531661987305
2091,25.254296875000023,29.574029541015648,21.235742187500023,23.414300537109398,27.540399169921898,19.835046386718773,23.415002441406273,27.541192626953148,19.835626220703148,24.1444034576416,30.77088737487793,17.8051700592041,23.589271545410156,30.19284439086914,17.313661575317383,23.589962005615234,30.193546295166016,17.314342498779297,22.006914138793945,28.99563217163086,15.104350090026855,21.63591957092285,28.602771759033203,14.784537315368652,21.636474609375,28.60335350036621,14.785069465637207,23.444604873657227,28.18231773376465,18.959247589111328,23.190288543701172,27.90996551513672,18.740198135375977,23.190664291381836,27.910381317138672,18.74055290222168,26.437047958374023,34.28133010864258,18.933639526367188,25.9755859375,33.79018783569336,18.53373146057129,25.976268768310547,33.79093551635742,18.534366607666016,19.33080291748047,24.48615264892578,14.191473007202148,19.00119400024414,24.145662307739258,13.897475242614746,19.001676559448242,24.14616584777832,13.897947311401367,19.33080291748047
2092,25.435601806640648,29.545892333984398,20.969384765625023,23.611108398437523,27.561242675781273,19.514672851562523,23.611840820312523,27.561944580078148,19.515161132812523,24.78616714477539,31.32964324951172,17.362640380859375,24.22532844543457,30.747697830200195,16.85491180419922,24.226041793823242,30.748355865478516,16.855527877807617,22.522140502929688,29.424270629882812,14.67219352722168,22.148330688476562,29.037214279174805,14.336532592773438,22.148895263671875,29.03775405883789,14.337007522583008,23.85196304321289,28.580493927001953,18.61577033996582,23.597034454345703,28.311962127685547,18.38895606994629,23.59741973876953,28.312349319458008,18.389280319213867,27.078359603881836,34.85648727416992,18.39944839477539,26.615049362182617,34.37140655517578,17.984663009643555,26.615739822387695,34.372100830078125,17.985239028930664,19.70064353942871,24.717092514038086,13.907027244567871,19.369401931762695,24.38041114807129,13.600915908813477,19.36989402770996,24.38088035583496,13.601343154907227,19.70064353942871
2093,25.257653808593773,29.510369873046898,21.261102294921898,23.401879882812523,27.481866455078148,19.844110107421898,23.402612304687523,27.482568359375023,19.844628906250023,24.276302337646484,30.826812744140625,17.508132934570312,23.70948600769043,30.240394592285156,17.01702880859375,23.71017074584961,30.241029739379883,17.017635345458984,22.12444496154785,29.015356063842773,14.819144248962402,21.74580955505371,28.61833953857422,14.49785041809082,21.74634552001953,28.61886215209961,14.498305320739746,23.529088973999023,28.240798950195312,18.73854637145996,23.271188735961914,27.96634864807129,18.51983070373535,23.27155876159668,27.966726303100586,18.520137786865234,26.571691513061523,34.353729248046875,18.570205688476562,26.102617263793945,33.85775375366211,18.170026779174805,26.10328483581543,33.858421325683594,18.170576095581055,19.419992446899414,24.50482177734375,13.921481132507324,19.083589553833008,24.159460067749023,13.626311302185059,19.08406639099121,24.1599178314209,13.626724243164062,19.419992446899414
2094,25.686761474609398,30.178216552734398,20.976007080078148,23.859399414062523,28.185296630859398,19.573449707031273,23.860192871093773,28.185998535156273,19.573693847656273,25.076021194458008,31.958398818969727,17.3098201751709,24.517473220825195,31.37335205078125,16.812292098999023,24.518173217773438,31.374004364013672,16.81257438659668,22.787364959716797,30.027799606323242,14.61786937713623,22.41568374633789,29.636856079101562,14.29510498046875,22.416242599487305,29.637386322021484,14.295334815979004,24.026845932006836,28.94952392578125,18.604717254638672,23.772533416748047,28.677757263183594,18.383888244628906,23.77290916442871,28.678138732910156,18.38404083251953,27.37655258178711,35.501129150390625,18.364913940429688,26.914609909057617,35.01110076904297,17.961881637573242,26.91527557373047,35.011783599853516,17.96215057373047,19.889616012573242,25.151309967041016,13.840773582458496,19.559743881225586,24.813304901123047,13.543267250061035,19.560222625732422,24.81376075744629,13.543463706970215,19.889616012573242
2095,25.640557861328148,30.312493896484398,21.318139648437523,23.803735351562523,28.275323486328148,19.906884765625023,23.803796386718773,28.275415039062523,19.906915283203148,24.85622787475586,31.88620948791504,17.778051376342773,24.29330825805664,31.290613174438477,17.27931022644043,24.293386459350586,31.290679931640625,17.279382705688477,22.680557250976562,30.037900924682617,15.133668899536133,22.305850982666016,29.63381004333496,14.80855941772461,22.30590057373047,29.633852005004883,14.808611869812012,23.902894973754883,28.848613739013672,18.95512580871582,23.64695167541504,28.57021713256836,18.734159469604492,23.6469783782959,28.57024383544922,18.73419761657715,27.188257217407227,35.385555267333984,18.919797897338867,26.72295570373535,34.882041931152344,18.515832901000977,26.723011016845703,34.88209533691406,18.51589584350586,19.80364418029785,25.144926071166992,14.163488388061523,19.47089195251465,24.7956485748291,13.866347312927246,19.470935821533203,24.795686721801758,13.866393089294434,19.80364418029785
2096,25.525079345703148,29.900720214843773,20.993188476562523,23.705590820312523,27.889794921875023,19.567742919921898,23.705621337890648,27.889825439453148,19.567803955078148,24.87916374206543,31.718379974365234,17.052383422851562,24.320199966430664,31.132530212402344,16.549659729003906,24.320266723632812,31.132587432861328,16.54973030090332,22.599639892578125,29.8294620513916,14.278261184692383,22.228008270263672,29.437881469726562,13.94430160522461,22.228052139282227,29.437915802001953,13.944353103637695,23.909507751464844,28.84230613708496,18.3415470123291,23.655397415161133,28.571043014526367,18.11419105529785,23.655431747436523,28.571067810058594,18.114225387573242,27.163297653198242,35.29718780517578,17.945585250854492,26.701454162597656,34.8067512512207,17.530675888061523,26.701509475708008,34.806800842285156,17.530738830566406,19.719514846801758,25.007966995239258,13.53303050994873,19.389358520507812,24.667484283447266,13.227249145507812,19.3893985748291,24.667516708374023,13.227295875549316,19.719514846801758
2097,25.506738281250023,29.798089599609398,21.415673828125023,23.653833007812523,27.769982910156273,20.004266357421898,23.653894042968773,27.770013427734398,20.004327392578148,24.53209686279297,31.159969329833984,18.045860290527344,23.972782135009766,30.579654693603516,17.552146911621094,23.972841262817383,30.579715728759766,17.552209854125977,22.340913772583008,29.313167572021484,15.31398868560791,21.965173721313477,28.920360565185547,14.989303588867188,21.965213775634766,28.920394897460938,14.989350318908691,23.643157958984375,28.388885498046875,19.0769100189209,23.385461807250977,28.116966247558594,18.853525161743164,23.3854923248291,28.11699104309082,18.853559494018555,26.783613204956055,34.62178421020508,19.15654754638672,26.316164016723633,34.13094711303711,18.74996566772461,26.316213607788086,34.1309928894043,18.750024795532227,19.570850372314453,24.68544578552246,14.391605377197266,19.237125396728516,24.344823837280273,14.093225479125977,19.237167358398438,24.344852447509766,14.093268394470215,19.570850372314453
2098,25.899713134765648,30.271234130859398,21.452203369140648,24.065332031250023,28.231011962890648,20.051904296875023,24.065332031250023,28.231072998046898,20.051934814453148,25.272075653076172,31.92813491821289,17.79003143310547,24.717723846435547,31.34392738342285,17.30493927001953,24.717792510986328,31.343978881835938,17.30500030517578,23.008878707885742,29.991867065429688,14.960371017456055,22.640247344970703,29.5977783203125,14.641197204589844,22.64028549194336,29.597810745239258,14.641241073608398,24.184391021728516,28.903583526611328,18.90196990966797,23.931900024414062,28.632461547851562,18.68288230895996,23.931926727294922,28.63248634338379,18.68291473388672,27.631717681884766,35.43963623046875,18.835439682006836,27.173320770263672,34.949188232421875,18.43680191040039,27.173370361328125,34.94923400878906,18.436857223510742,20.042020797729492,25.131040573120117,14.06471061706543,19.715465545654297,24.791183471679688,13.773632049560547,19.715499877929688,24.79121208190918,13.77367115020752,20.042020797729492
2099,25.788232421875023,30.119073486328148,21.487664794921898,23.931481933593773,28.060418701171898,20.123468017578148,23.931512451171898,28.060479736328148,20.123468017578148,25.067384719848633,31.64356803894043,18.21864891052246,24.509817123413086,31.05678939819336,17.74129867553711,24.5098819732666,31.056846618652344,17.741321563720703,22.787139892578125,29.778785705566406,15.42670726776123,22.41295051574707,29.382766723632812,15.110940933227539,22.412982940673828,29.382795333862305,15.110957145690918,23.989307403564453,28.740224838256836,19.204593658447266,23.734115600585938,28.468170166015625,18.987150192260742,23.734142303466797,28.46819305419922,18.987159729003906,27.337095260620117,35.18288040161133,19.325613021850586,26.87323570251465,34.68996047973633,18.930557250976562,26.873291015625,34.689998626708984,18.93057632446289,19.89816665649414,25.009750366210938,14.403133392333984,19.566612243652344,24.6661376953125,14.11526870727539,19.566646575927734,24.666168212890625,14.115283012390137,19.89816665649414
