time,Arr_CUHI_0,Arr_CUHI_0_JJA,Arr_CUHI_0_DJF,Arr_SUHI_0,Arr_SUHI_0_JJA,Arr_SUHI_0_DJF,Arr_CUHI_1,Arr_CUHI_1_JJA,Arr_CUHI_1_DJF,Arr_SUHI_1,Arr_SUHI_1_JJA,Arr_SUHI_1_DJF,Arr_CUHI_2,Arr_CUHI_2_JJA,Arr_CUHI_2_DJF,Arr_SUHI_2,Arr_SUHI_2_JJA,Arr_SUHI_2_DJF
2015,0.7666338086128235,0.837743878364563,0.6958826780319214,1.267232060432434,1.3771073818206787,1.1696758270263672,-1.1052016019821167,-1.2537219524383545,-0.8717934489250183,-3.674093246459961,-4.189456462860107,-2.7445573806762695,0.7571877837181091,0.8268006443977356,0.6850385665893555,1.2071272134780884,1.3044990301132202,1.104785442352295
2016,0.7576788663864136,0.8392600417137146,0.6701655387878418,1.2410639524459839,1.3742752075195312,1.137376070022583,-1.1805964708328247,-1.3469990491867065,-0.8291640877723694,-3.797805070877075,-4.352471351623535,-2.6619884967803955,0.7420057058334351,0.8212720155715942,0.654475212097168,1.140875220298767,1.2553095817565918,1.043060302734375
2017,0.7559612989425659,0.8318949937820435,0.6959343552589417,1.24704909324646,1.339043140411377,1.173561453819275,-1.1867890357971191,-1.3125441074371338,-0.92140132188797,-3.7919421195983887,-4.281054496765137,-2.8261616230010986,0.7339324355125427,0.8076172471046448,0.6740903854370117,1.106630563735962,1.1779608726501465,1.0438979864120483
2018,0.7665144205093384,0.8334799408912659,0.706403911113739,1.2614411115646362,1.3447437286376953,1.220098853111267,-1.200868010520935,-1.2902144193649292,-0.8925381302833557,-3.8272461891174316,-4.259300708770752,-2.759861707687378,0.7378004789352417,0.8024893999099731,0.6789469718933105,1.0795232057571411,1.1384512186050415,1.0583600997924805
2019,0.7643623352050781,0.8326720595359802,0.6901397109031677,1.2546963691711426,1.3515450954437256,1.156426191329956,-1.1985465288162231,-1.3072623014450073,-0.868821918964386,-3.8398947715759277,-4.318894386291504,-2.7207961082458496,0.7293646931648254,0.7943594455718994,0.6582087278366089,1.0318390130996704,1.0983301401138306,0.9682400226593018
2020,0.745047390460968,0.8138387799263,0.6929926872253418,1.226741909980774,1.30629563331604,1.1924883127212524,-1.1716428995132446,-1.2945771217346191,-0.8787473440170288,-3.7569632530212402,-4.25613260269165,-2.717442750930786,0.7039948105812073,0.7692516446113586,0.6545664668083191,0.9677292108535767,1.012906789779663,0.9680818915367126
2021,0.745110034942627,0.8188351988792419,0.6904139518737793,1.1998941898345947,1.273798942565918,1.1580342054367065,-1.1892935037612915,-1.3333654403686523,-0.8600995540618896,-3.8294544219970703,-4.374758243560791,-2.7340664863586426,0.6974184513092041,0.7667008638381958,0.6476668119430542,0.8973064422607422,0.9313146471977234,0.9049943685531616
2022,0.7614272236824036,0.834763765335083,0.7144808173179626,1.238929271697998,1.3215556144714355,1.2268396615982056,-1.1770769357681274,-1.3230375051498413,-0.8802229166030884,-3.8087100982666016,-4.355791091918945,-2.741838216781616,0.707128643989563,0.7755839824676514,0.6653472185134888,0.8948900103569031,0.9320018291473389,0.9379912614822388
2023,0.7634997963905334,0.8374009728431702,0.6890273094177246,1.2572311162948608,1.3599337339401245,1.2025675773620605,-1.1979057788848877,-1.3368772268295288,-0.822338342666626,-3.827787160873413,-4.367205619812012,-2.6330578327178955,0.7025023698806763,0.7704721689224243,0.6363069415092468,0.8718113899230957,0.9214287400245667,0.8898129463195801
2024,0.7551563382148743,0.8340427279472351,0.6742587089538574,1.2560105323791504,1.3475924730300903,1.1241745948791504,-1.1823440790176392,-1.3620697259902954,-0.8976333141326904,-3.7745344638824463,-4.361626148223877,-2.824265718460083,0.6882173418998718,0.7600832581520081,0.6145380735397339,0.8336063027381897,0.8670269846916199,0.7711520195007324
2025,0.7635003924369812,0.849715530872345,0.689622700214386,1.2532960176467896,1.373643398284912,1.1707051992416382,-1.2150992155075073,-1.368311882019043,-0.8952073454856873,-3.8849687576293945,-4.441970348358154,-2.7841813564300537,0.6887074708938599,0.7674566507339478,0.6235801577568054,0.7817435264587402,0.8372762203216553,0.7863978147506714
2026,0.7614402174949646,0.8378210663795471,0.6780436635017395,1.246440052986145,1.3567193746566772,1.1520792245864868,-1.2132328748703003,-1.3300786018371582,-0.8483157157897949,-3.872784376144409,-4.373197078704834,-2.703296184539795,0.6799732446670532,0.74992835521698,0.6080130338668823,0.7358900308609009,0.7811583280563354,0.7422192096710205
2027,0.7578421235084534,0.8355706930160522,0.6848401427268982,1.2348989248275757,1.3395336866378784,1.1576762199401855,-1.2198059558868408,-1.3747140169143677,-0.8581594824790955,-3.872075080871582,-4.4349164962768555,-2.71657133102417,0.6699144244194031,0.7393245697021484,0.6089685559272766,0.6856022477149963,0.7168019413948059,0.7150701880455017
2028,0.7563796639442444,0.8339307904243469,0.6831498146057129,1.2310230731964111,1.354162335395813,1.1555521488189697,-1.2114627361297607,-1.3437597751617432,-0.8581465482711792,-3.8654744625091553,-4.358630657196045,-2.711167573928833,0.6620734930038452,0.7318063974380493,0.6029828190803528,0.6419112682342529,0.6926852464675903,0.6865633130073547
2029,0.7644470930099487,0.8275581002235413,0.6750438809394836,1.2712323665618896,1.3280800580978394,1.129457950592041,-1.1898196935653687,-1.3124045133590698,-0.9359820485115051,-3.799337863922119,-4.303620338439941,-2.871199607849121,0.6628361940383911,0.7182098627090454,0.5838099122047424,0.639793872833252,0.6222623586654663,0.6085425019264221
2030,0.7408777475357056,0.8301411867141724,0.6826353669166565,1.1994436979293823,1.3537302017211914,1.1779981851577759,-1.2184194326400757,-1.3490499258041382,-0.8655107617378235,-3.858060359954834,-4.338894844055176,-2.7253406047821045,0.6329914927482605,0.7130883932113647,0.5889367461204529,0.5327382683753967,0.6030738949775696,0.6371146440505981
2031,0.7544927597045898,0.8115450143814087,0.7061291933059692,1.2391982078552246,1.2974541187286377,1.1358206272125244,-1.1992636919021606,-1.2916224002838135,-0.982775092124939,-3.826148748397827,-4.2291693687438965,-2.9552316665649414,0.6386899352073669,0.6897928714752197,0.6006787419319153,0.5261467695236206,0.5142660737037659,0.5457267165184021
2032,0.7562255263328552,0.8229567408561707,0.6933976411819458,1.217136263847351,1.3152313232421875,1.22151517868042,-1.203705072402954,-1.3163188695907593,-0.8691419363021851,-3.8353896141052246,-4.313203811645508,-2.6885130405426025,0.6335371732711792,0.6911395788192749,0.5867498517036438,0.46462684869766235,0.472400963306427,0.6133324503898621
2033,0.7593374848365784,0.8306275010108948,0.6891263723373413,1.2664079666137695,1.352157473564148,1.1655079126358032,-1.1951767206192017,-1.3506441116333008,-0.8696660399436951,-3.812847375869751,-4.375340461730957,-2.744147539138794,0.6311060190200806,0.6918591856956482,0.5774084329605103,0.47374996542930603,0.4603576362133026,0.5288960337638855
2034,0.7407300472259521,0.8160730004310608,0.6927782893180847,1.2075016498565674,1.3052058219909668,1.1540640592575073,-1.2158174514770508,-1.3297791481018066,-0.9444521069526672,-3.822540044784546,-4.294050693511963,-2.902078151702881,0.6038605570793152,0.6715174317359924,0.5704953670501709,0.3774571418762207,0.38255974650382996,0.46551716327667236
2035,0.763442873954773,0.8296603560447693,0.6998036503791809,1.2472481727600098,1.2944059371948242,1.1722851991653442,-1.208921194076538,-1.326048731803894,-0.9404981136322021,-3.864473342895508,-4.364203453063965,-2.858363151550293,0.6188049912452698,0.6757237911224365,0.569492757320404,0.36226367950439453,0.3115328848361969,0.449818879365921
2036,0.767512857913971,0.8613368272781372,0.6754795908927917,1.261743426322937,1.415964126586914,1.13491690158844,-1.2215453386306763,-1.3646501302719116,-0.8597626686096191,-3.8801047801971436,-4.442041397094727,-2.7038068771362305,0.615866482257843,0.697202205657959,0.5466184020042419,0.33431631326675415,0.36217954754829407,0.41298502683639526
2037,0.7361031174659729,0.8106496930122375,0.6904215216636658,1.203961968421936,1.3050001859664917,1.1574324369430542,-1.1995378732681274,-1.336566686630249,-0.9225282669067383,-3.785080909729004,-4.273087501525879,-2.814598798751831,0.5789440870285034,0.6423539519309998,0.5506829023361206,0.2561008334159851,0.24750420451164246,0.383853018283844
2038,0.7576937675476074,0.8210997581481934,0.7087390422821045,1.2381409406661987,1.3035832643508911,1.2006497383117676,-1.2124114036560059,-1.3070076704025269,-0.9228143692016602,-3.8519766330718994,-4.286060333251953,-2.810861587524414,0.5909223556518555,0.6471158266067505,0.561345636844635,0.23135128617286682,0.1971040517091751,0.38650819659233093
2039,0.773216724395752,0.8471809029579163,0.7028168439865112,1.278815746307373,1.380298137664795,1.2182739973068237,-1.2160289287567139,-1.3516901731491089,-0.857449471950531,-3.8680927753448486,-4.399247646331787,-2.673933744430542,0.6002330183982849,0.6607103943824768,0.5571689009666443,0.22556394338607788,0.1978795975446701,0.39532190561294556
2040,0.7496936917304993,0.8140004873275757,0.7034361362457275,1.2455739974975586,1.3486428260803223,1.2086654901504517,-1.194305658340454,-1.3315294981002808,-0.8874285221099854,-3.784212112426758,-4.258415699005127,-2.7248973846435547,0.5706568956375122,0.6220196485519409,0.5478488802909851,0.16986913979053497,0.1512748897075653,0.3473720848560333
2041,0.7488791942596436,0.8068243861198425,0.682167649269104,1.250148057937622,1.306066632270813,1.1240781545639038,-1.1901276111602783,-1.303139328956604,-0.9526852965354919,-3.7677690982818604,-4.236590385437012,-2.8583285808563232,0.5634313821792603,0.6127904057502747,0.5142479538917542,0.1361323446035385,0.07938624173402786,0.2174350917339325
2042,0.7500242590904236,0.8276751637458801,0.6832888722419739,1.2245548963546753,1.3273504972457886,1.1294633150100708,-1.215181589126587,-1.3356229066848755,-0.9387260675430298,-3.8546221256256104,-4.356709003448486,-2.88201642036438,0.5532091856002808,0.616980791091919,0.5078241229057312,0.04965540021657944,0.010158050805330276,0.17467273771762848
2043,0.741420328617096,0.8442296385765076,0.6534188985824585,1.1988551616668701,1.3825955390930176,1.100020170211792,-1.232223391532898,-1.394132137298584,-0.8686017990112305,-3.888460397720337,-4.418694496154785,-2.7120347023010254,0.5381643176078796,0.6235809326171875,0.48244014382362366,-0.01272838469594717,0.012347654439508915,0.15940317511558533
2044,0.733860433101654,0.8196036219596863,0.6681581735610962,1.203169822692871,1.3232125043869019,1.0941805839538574,-1.2230114936828613,-1.3797913789749146,-0.9641802906990051,-3.834066152572632,-4.393176555633545,-2.905686855316162,0.5232197046279907,0.5926081538200378,0.4775257706642151,-0.04081585258245468,-0.08070486038923264,0.07780422270298004
2045,0.7564003467559814,0.836215078830719,0.6909471154212952,1.2482573986053467,1.3680963516235352,1.2116793394088745,-1.2387173175811768,-1.3744789361953735,-0.8587895631790161,-3.891369581222534,-4.394780158996582,-2.6925482749938965,0.5366621613502502,0.6001904010772705,0.506931483745575,-0.05685307830572128,-0.0923135057091713,0.19246016442775726
2046,0.7381798028945923,0.7838388085365295,0.6700712442398071,1.2225544452667236,1.2555588483810425,1.1094144582748413,-1.1962265968322754,-1.3005459308624268,-0.9503101110458374,-3.7872352600097656,-4.2061004638671875,-2.8595848083496094,0.5139431953430176,0.5498335361480713,0.4681742787361145,-0.10018856823444366,-0.1872284710407257,0.03384709358215332
2047,0.7521510124206543,0.8166008591651917,0.6530391573905945,1.2534304857254028,1.3421610593795776,1.1120352745056152,-1.220892310142517,-1.3287321329116821,-0.8707080483436584,-3.855790615081787,-4.341240882873535,-2.7102463245391846,0.5165321826934814,0.5658474564552307,0.45644015073776245,-0.13703811168670654,-0.20755574107170105,0.04003051295876503
2048,0.7270993590354919,0.7983309030532837,0.6621283292770386,1.2036510705947876,1.3127743005752563,1.107322335243225,-1.2141653299331665,-1.3541293144226074,-0.909454882144928,-3.80053973197937,-4.294620513916016,-2.8015294075012207,0.4870508909225464,0.5413354635238647,0.4523454010486603,-0.20031297206878662,-0.254533976316452,-0.018043560907244682
2049,0.7434960603713989,0.8191969990730286,0.6649603247642517,1.2371305227279663,1.3642597198486328,1.110478401184082,-1.2132835388183594,-1.3123911619186401,-0.9466549754142761,-3.8461482524871826,-4.312687873840332,-2.872469663619995,0.4953289031982422,0.5550712943077087,0.4431630074977875,-0.22462250292301178,-0.2713319957256317,-0.06460826098918915
2050,0.7443759441375732,0.8188704252243042,0.6739210486412048,1.2322938442230225,1.373216986656189,1.0896245241165161,-1.2321943044662476,-1.3251270055770874,-0.9379534721374512,-3.8661093711853027,-4.293590545654297,-2.8981807231903076,0.485427588224411,0.5431886315345764,0.4496125280857086,-0.2758418321609497,-0.31268391013145447,-0.11419520527124405
2051,0.7400047779083252,0.8290261030197144,0.6701018214225769,1.20361328125,1.3883076906204224,1.121405005455017,-1.2398337125778198,-1.3805726766586304,-0.9076459407806396,-3.906951904296875,-4.39927864074707,-2.7998206615448,0.4738217890262604,0.540131151676178,0.4428075850009918,-0.3483520746231079,-0.3686401844024658,-0.09971054643392563
2052,0.7326399087905884,0.81098872423172,0.6580845713615417,1.1997475624084473,1.332104206085205,1.0346566438674927,-1.2217223644256592,-1.334343433380127,-1.0022342205047607,-3.8432416915893555,-4.279345989227295,-3.011234760284424,0.4593019485473633,0.5199259519577026,0.41063836216926575,-0.38367921113967896,-0.43143901228904724,-0.2575063705444336
2053,0.7415431141853333,0.8275811076164246,0.6561740040779114,1.204239010810852,1.3692359924316406,1.0968505144119263,-1.254730463027954,-1.3530409336090088,-0.9466776251792908,-3.9280450344085693,-4.380579948425293,-2.863091468811035,0.45643311738967896,0.5256451964378357,0.40503132343292236,-0.44006508588790894,-0.47216060757637024,-0.21225261688232422
2054,0.7388067245483398,0.8313608765602112,0.6719812750816345,1.2137904167175293,1.3966127634048462,1.0964821577072144,-1.2456196546554565,-1.3560856580734253,-0.9617393016815186,-3.887586832046509,-4.337245941162109,-2.8908884525299072,0.44644394516944885,0.5190404057502747,0.417114794254303,-0.46520087122917175,-0.4877464473247528,-0.23192566633224487
2055,0.7569239139556885,0.8396608233451843,0.6978906989097595,1.2551262378692627,1.415270447731018,1.1978071928024292,-1.2358227968215942,-1.3584848642349243,-0.8978250026702881,-3.89567232131958,-4.403317928314209,-2.790607213973999,0.45883482694625854,0.5194399356842041,0.4434875547885895,-0.4724091589450836,-0.533644437789917,-0.16536341607570648
2056,0.7480254769325256,0.8370344638824463,0.692477822303772,1.236152172088623,1.3595815896987915,1.1874825954437256,-1.2242851257324219,-1.376993179321289,-0.9425433874130249,-3.8608837127685547,-4.394537925720215,-2.8241045475006104,0.44247880578041077,0.5047062635421753,0.4252859354019165,-0.5213513374328613,-0.6262452006340027,-0.2081080824136734
2057,0.7563169598579407,0.8327147960662842,0.6638712882995605,1.2663754224777222,1.3930937051773071,1.11024808883667,-1.2248289585113525,-1.3504482507705688,-0.9237238168716431,-3.873530626296997,-4.373967170715332,-2.8525774478912354,0.4441920816898346,0.4963865876197815,0.3944331407546997,-0.5389245748519897,-0.637428343296051,-0.31196099519729614
2058,0.7390522956848145,0.8183698058128357,0.659188449382782,1.2118984460830688,1.3360189199447632,1.1173135042190552,-1.2420861721038818,-1.3694602251052856,-0.9395849108695984,-3.8896234035491943,-4.355259418487549,-2.827350378036499,0.4184182584285736,0.47557300329208374,0.37830448150634766,-0.6202465295791626,-0.7032248377799988,-0.3306853473186493
2059,0.7434458136558533,0.8328098654747009,0.6554213166236877,1.2488298416137695,1.4170445203781128,1.1099960803985596,-1.2443251609802246,-1.4117684364318848,-0.9023791551589966,-3.8811492919921875,-4.454246997833252,-2.767454147338867,0.4143187999725342,0.47264814376831055,0.3759310245513916,-0.6282208561897278,-0.7208960056304932,-0.34756821393966675
2060,0.7294562458992004,0.8221145868301392,0.6451189517974854,1.210584282875061,1.3715118169784546,1.0573209524154663,-1.2319518327713013,-1.3404717445373535,-0.9390900731086731,-3.850839853286743,-4.301330089569092,-2.858874559402466,0.39198532700538635,0.4632091224193573,0.3527648448944092,-0.6974059343338013,-0.7585355639457703,-0.4441149830818176
2061,0.7403733730316162,0.8291814923286438,0.6690159440040588,1.2081284523010254,1.3601351976394653,1.1199415922164917,-1.2515883445739746,-1.3679603338241577,-0.9584357142448425,-3.9225246906280518,-4.386971473693848,-2.920825481414795,0.3913803994655609,0.45758238434791565,0.36348915100097656,-0.7636305689811707,-0.8424129486083984,-0.4599013030529022
2062,0.7496338486671448,0.8400934934616089,0.6627334356307983,1.242087721824646,1.4076769351959229,1.1615755558013916,-1.2545504570007324,-1.396966576576233,-0.8550302386283875,-3.9328131675720215,-4.450807571411133,-2.6569337844848633,0.39570140838623047,0.4549461603164673,0.368464857339859,-0.7674478888511658,-0.861400306224823,-0.36499643325805664
2063,0.7223172187805176,0.8003706932067871,0.6357700824737549,1.2112892866134644,1.3178106546401978,1.0194308757781982,-1.1960517168045044,-1.316328525543213,-1.0087522268295288,-3.7572429180145264,-4.214816570281982,-2.9977924823760986,0.36589720845222473,0.42090535163879395,0.304487407207489,-0.7842887043952942,-0.901046633720398,-0.6161627769470215
2064,0.7320778965950012,0.8179944753646851,0.6735734939575195,1.172871708869934,1.3215086460113525,1.0937541723251343,-1.2633116245269775,-1.3545020818710327,-1.0142525434494019,-3.9571759700775146,-4.383057117462158,-3.0059075355529785,0.35752275586128235,0.4251862168312073,0.33559703826904297,-0.9157945513725281,-0.995170533657074,-0.5864286422729492
2065,0.7431234121322632,0.8391150832176208,0.641928493976593,1.2068121433258057,1.4071292877197266,1.0613034963607788,-1.2769999504089355,-1.4064579010009766,-0.9213647246360779,-3.9727327823638916,-4.485146522521973,-2.8391566276550293,0.3612794280052185,0.42931801080703735,0.32042160630226135,-0.9217416644096375,-1.0091159343719482,-0.5814920663833618
2066,0.7143588066101074,0.8065189123153687,0.6449282169342041,1.1901732683181763,1.3355858325958252,1.0954114198684692,-1.222837209701538,-1.3645867109298706,-0.97310870885849,-3.808175802230835,-4.300873279571533,-2.8870301246643066,0.3338826894760132,0.3994947075843811,0.2938458025455475,-0.9173635244369507,-1.0209318399429321,-0.6299425363540649
2067,0.7355563640594482,0.810471773147583,0.6773220300674438,1.2267394065856934,1.3365516662597656,1.141435980796814,-1.2396531105041504,-1.3355296850204468,-0.9157727956771851,-3.867293119430542,-4.3146653175354,-2.818247079849243,0.3377971649169922,0.39533349871635437,0.3346746563911438,-0.9600343704223633,-1.0890978574752808,-0.5813158750534058
2068,0.7384945154190063,0.8282092213630676,0.6599946022033691,1.2308903932571411,1.4091346263885498,1.1277825832366943,-1.2377219200134277,-1.4199159145355225,-0.8627886772155762,-3.8795762062072754,-4.473342418670654,-2.6992273330688477,0.33983319997787476,0.3911840319633484,0.3312283456325531,-0.9837411046028137,-1.1240811347961426,-0.5570419430732727
2069,0.7501000761985779,0.8372533917427063,0.6788274049758911,1.2607630491256714,1.4122599363327026,1.1509130001068115,-1.2258350849151611,-1.3754453659057617,-0.9238921403884888,-3.8396191596984863,-4.35324239730835,-2.808011054992676,0.3456476032733917,0.4000229835510254,0.3266870975494385,-0.979092001914978,-1.1121753454208374,-0.6176941990852356
2070,0.7458236813545227,0.8418357968330383,0.6523227095603943,1.2443103790283203,1.4160821437835693,1.0933490991592407,-1.248761534690857,-1.3800890445709229,-0.9574277997016907,-3.9183013439178467,-4.409348964691162,-2.889249563217163,0.32690665125846863,0.398020476102829,0.28507065773010254,-1.071587324142456,-1.1753054857254028,-0.723925769329071
2071,0.7446430921554565,0.8462660908699036,0.6388203501701355,1.2468010187149048,1.4468817710876465,1.0744820833206177,-1.257000207901001,-1.3979992866516113,-0.9320538640022278,-3.915724277496338,-4.4087700843811035,-2.843648672103882,0.31997644901275635,0.39589619636535645,0.2704949975013733,-1.0906198024749756,-1.1712472438812256,-0.7501004934310913
2072,0.7236526012420654,0.8289337158203125,0.644355297088623,1.201265573501587,1.4113670587539673,1.0670405626296997,-1.264467477798462,-1.3914557695388794,-0.9767541885375977,-3.895505666732788,-4.356460094451904,-2.9232895374298096,0.28766611218452454,0.36698925495147705,0.2561064660549164,-1.1559046506881714,-1.234953761100769,-0.8117223381996155
2073,0.7412391304969788,0.8558520674705505,0.6532509922981262,1.2249733209609985,1.437018871307373,1.1099029779434204,-1.2711093425750732,-1.4192016124725342,-0.9070491790771484,-3.9574146270751953,-4.481762886047363,-2.797203302383423,0.29927411675453186,0.3829512596130371,0.27982547879219055,-1.1874867677688599,-1.2905819416046143,-0.7451903223991394
2074,0.7433738708496094,0.8311875462532043,0.6467443108558655,1.242330551147461,1.405453085899353,1.0844484567642212,-1.2481707334518433,-1.3523695468902588,-0.9411381483078003,-3.910348892211914,-4.319043159484863,-2.837838888168335,0.2947905361652374,0.361356645822525,0.2531817853450775,-1.1995354890823364,-1.2941501140594482,-0.8154919743537903
2075,0.7178251147270203,0.8071279525756836,0.6491647958755493,1.1845076084136963,1.3461719751358032,1.071591854095459,-1.254431128501892,-1.3654383420944214,-1.0132498741149902,-3.8835158348083496,-4.305739402770996,-2.9995689392089844,0.2614133358001709,0.3276868760585785,0.2389892190694809,-1.257831335067749,-1.3538336753845215,-0.9054391384124756
2076,0.751250147819519,0.8460158109664917,0.639593780040741,1.2732568979263306,1.4407362937927246,1.1082578897476196,-1.2737034559249878,-1.4347211122512817,-0.8693392276763916,-3.9399189949035645,-4.497664451599121,-2.684098720550537,0.28763243556022644,0.3443605303764343,0.25994569063186646,-1.234763503074646,-1.397158145904541,-0.7591582536697388
2077,0.7102020382881165,0.8124781250953674,0.6319639682769775,1.1941733360290527,1.3866511583328247,1.0227432250976562,-1.2296584844589233,-1.3725231885910034,-1.0171263217926025,-3.815021514892578,-4.316085338592529,-3.009016990661621,0.2511153221130371,0.32282164692878723,0.2104291021823883,-1.2623354196548462,-1.3779274225234985,-0.9838405251502991
2078,0.7274811863899231,0.8375009894371033,0.6062009334564209,1.2130126953125,1.4582737684249878,0.9958832859992981,-1.2851791381835938,-1.3691022396087646,-0.9661737680435181,-3.9651472568511963,-4.347005844116211,-2.916684150695801,0.25031232833862305,0.34061458706855774,0.18889692425727844,-1.3380764722824097,-1.3820672035217285,-0.994905948638916
2079,0.7064711451530457,0.8016756176948547,0.631535530090332,1.1641206741333008,1.3671239614486694,1.0171258449554443,-1.2784727811813354,-1.3790271282196045,-0.999622106552124,-3.9303178787231445,-4.3448872566223145,-2.9982645511627197,0.22808167338371277,0.2990516424179077,0.2050258070230484,-1.3686926364898682,-1.4513182640075684,-1.018894910812378
2080,0.7311840057373047,0.8468632698059082,0.6456371545791626,1.2141486406326294,1.4474042654037476,1.0838044881820679,-1.297512173652649,-1.462401032447815,-0.939148485660553,-3.968158483505249,-4.499432563781738,-2.8377280235290527,0.24619854986667633,0.32583490014076233,0.2307383269071579,-1.3638895750045776,-1.4625773429870605,-0.909777045249939
2081,0.7292509078979492,0.8141300678253174,0.6412948369979858,1.2221328020095825,1.3696390390396118,1.0620404481887817,-1.2568397521972656,-1.3495056629180908,-0.9874817132949829,-3.885754346847534,-4.29091739654541,-2.9769809246063232,0.2426607757806778,0.30965080857276917,0.2004835307598114,-1.3553661108016968,-1.4569627046585083,-1.0383014678955078
2082,0.7317700386047363,0.838699221611023,0.6306082606315613,1.2056320905685425,1.4130946397781372,1.0170390605926514,-1.2741074562072754,-1.4079444408416748,-0.9688126444816589,-3.9683384895324707,-4.472841262817383,-2.9400079250335693,0.23500840365886688,0.3131231665611267,0.19302956759929657,-1.4342206716537476,-1.5456559658050537,-1.0512524843215942
2083,0.7324649691581726,0.8231368064880371,0.6514900326728821,1.2206672430038452,1.4023106098175049,1.0590555667877197,-1.2752989530563354,-1.3881089687347412,-0.998957097530365,-3.9372663497924805,-4.367814540863037,-2.9741291999816895,0.22913147509098053,0.3019534647464752,0.20432506501674652,-1.421215534210205,-1.5217816829681396,-1.032562255859375
2084,0.7284266352653503,0.8479601144790649,0.6113126277923584,1.2209291458129883,1.4828039407730103,1.0249431133270264,-1.2869770526885986,-1.4472581148147583,-0.9892821311950684,-3.9494292736053467,-4.472451210021973,-2.9378771781921387,0.22526682913303375,0.31316834688186646,0.16505031287670135,-1.429055094718933,-1.5141900777816772,-1.0746676921844482
2085,0.7258480191230774,0.8346440196037292,0.6326477527618408,1.2151672840118408,1.413723111152649,1.007041335105896,-1.2976665496826172,-1.4242072105407715,-1.0311126708984375,-3.9657516479492188,-4.444163799285889,-3.070261240005493,0.21526072919368744,0.3030889928340912,0.17903564870357513,-1.4582055807113647,-1.5618231296539307,-1.129854440689087
2086,0.7341784834861755,0.8365845680236816,0.6133528351783752,1.2160335779190063,1.442004919052124,0.9775460362434387,-1.2897218465805054,-1.3935421705245972,-0.9793922305107117,-4.026338577270508,-4.467391014099121,-2.972322463989258,0.22310644388198853,0.3005795478820801,0.16383525729179382,-1.4985835552215576,-1.5812649726867676,-1.1316416263580322
2087,0.7159958481788635,0.8106100559234619,0.6545063853263855,1.205118179321289,1.41989266872406,1.0818045139312744,-1.2717628479003906,-1.332208514213562,-0.9984225630760193,-3.900104284286499,-4.227200031280518,-2.935986280441284,0.20338886976242065,0.288711279630661,0.19578059017658234,-1.4595110416412354,-1.503218650817871,-1.0404064655303955
2088,0.7262767553329468,0.8152421116828918,0.6252360939979553,1.2235724925994873,1.4143377542495728,1.0023218393325806,-1.2638919353485107,-1.334843635559082,-0.9816962480545044,-3.920478582382202,-4.333427429199219,-2.94748854637146,0.2092561274766922,0.28472691774368286,0.17172326147556305,-1.4769539833068848,-1.5792306661605835,-1.1031861305236816
2089,0.729093074798584,0.838051974773407,0.6198728084564209,1.2119660377502441,1.4573498964309692,0.9890826344490051,-1.2948569059371948,-1.4191049337387085,-0.9829115867614746,-3.974754571914673,-4.4352898597717285,-2.9564428329467773,0.21029341220855713,0.2935510575771332,0.16659724712371826,-1.5006401538848877,-1.573547124862671,-1.1077581644058228
2090,0.7063250541687012,0.8137942552566528,0.630950391292572,1.1781076192855835,1.4208133220672607,1.0579842329025269,-1.2650185823440552,-1.3726688623428345,-0.9504779577255249,-3.8979625701904297,-4.317616939544678,-2.8546688556671143,0.19268105924129486,0.2770116329193115,0.18548762798309326,-1.488113522529602,-1.559734582901001,-1.0259711742401123
2091,0.7234662771224976,0.823621392250061,0.6087589859962463,1.2267688512802124,1.444125771522522,1.003851294517517,-1.271506905555725,-1.3754172325134277,-0.9924101829528809,-3.9165306091308594,-4.354894161224365,-2.9409334659576416,0.20987001061439514,0.2889917492866516,0.15410473942756653,-1.4657294750213623,-1.5552021265029907,-1.109962821006775
2092,0.7055311799049377,0.8102352023124695,0.6211703419685364,1.1886588335037231,1.4055737257003784,0.9858844876289368,-1.2813552618026733,-1.3586630821228027,-1.0443921089172363,-3.9009506702423096,-4.264474868774414,-3.060788154602051,0.1869799643754959,0.2789415121078491,0.14681142568588257,-1.4890094995498657,-1.5453304052352905,-1.170706033706665
2093,0.7151361703872681,0.820315420627594,0.6259715557098389,1.1927433013916016,1.4507389068603516,1.0336354970932007,-1.3148306608200073,-1.395187497138977,-1.0075162649154663,-3.996365785598755,-4.36796760559082,-2.977118968963623,0.18868577480316162,0.27624884247779846,0.16756363213062286,-1.5265142917633057,-1.5741184949874878,-1.098243236541748
2094,0.7150922417640686,0.8261326551437378,0.6015099883079529,1.2108433246612549,1.4448857307434082,0.9577875137329102,-1.2951449155807495,-1.3879215717315674,-1.0105055570602417,-3.9421093463897705,-4.331799507141113,-3.014408588409424,0.1990230679512024,0.2929309606552124,0.1437637060880661,-1.4794461727142334,-1.5269980430603027,-1.170046091079712
2095,0.7108239531517029,0.8439905047416687,0.6017402410507202,1.1788700819015503,1.4725456237792969,0.9698482155799866,-1.3172472715377808,-1.4659574031829834,-1.011788010597229,-3.99750018119812,-4.468100547790527,-2.9692697525024414,0.18947777152061462,0.2900940775871277,0.14026480913162231,-1.5234225988388062,-1.5721888542175293,-1.1372096538543701
2096,0.6973732709884644,0.8098324537277222,0.6306554675102234,1.172289252281189,1.430552363395691,1.0579160451889038,-1.2814663648605347,-1.3767122030258179,-1.0240875482559204,-3.896366834640503,-4.272538185119629,-3.0034384727478027,0.18038105964660645,0.27100929617881775,0.15952347218990326,-1.4928255081176758,-1.5424591302871704,-1.1169875860214233
2097,0.7323266267776489,0.8254350423812866,0.6145898699760437,1.239033579826355,1.4305541515350342,0.9802876710891724,-1.2941707372665405,-1.381711721420288,-1.0006521940231323,-3.9783976078033447,-4.385456085205078,-3.0148203372955322,0.21265515685081482,0.28924256563186646,0.1571536362171173,-1.4869464635849,-1.5767650604248047,-1.1512205600738525
2098,0.7042058706283569,0.821291446685791,0.6154517531394958,1.19480299949646,1.460472583770752,1.0208439826965332,-1.2663862705230713,-1.3792808055877686,-0.9662045240402222,-3.892397880554199,-4.30700159072876,-2.8860576152801514,0.19306057691574097,0.2813853323459625,0.1674237698316574,-1.477038860321045,-1.5313705205917358,-1.0655717849731445
2099,0.7202211618423462,0.8329678773880005,0.6154031753540039,1.2245887517929077,1.494992733001709,0.9942507147789001,-1.291432499885559,-1.3997113704681396,-0.9685847163200378,-3.9562323093414307,-4.337028980255127,-2.9070699214935303,0.20084628462791443,0.28716152906417847,0.17035068571567535,-1.4877849817276,-1.5254907608032227,-1.0732924938201904
