time,Arr_CUHI_0,Arr_CUHI_0_JJA,Arr_CUHI_0_DJF,Arr_SUHI_0,Arr_SUHI_0_JJA,Arr_SUHI_0_DJF,Arr_SWBGT_U_0,Arr_SWBGT_U_0_JJA,Arr_SWBGT_U_0_DJF,Arr_TBUILD_0,Arr_TBUILD_0_JJA,Arr_TBUILD_0_DJF,Arr_CUHI_2,Arr_CUHI_2_JJA,Arr_CUHI_2_DJF,Arr_SUHI_2,Arr_SUHI_2_JJA,Arr_SUHI_2_DJF,Arr_SWBGT_U_2,Arr_SWBGT_U_2_JJA,Arr_SWBGT_U_2_DJF,Arr_TBUILD_2,Arr_TBUILD_2_JJA,Arr_TBUILD_2_DJF,Arr_CUHI_3,Arr_CUHI_3_JJA,Arr_CUHI_3_DJF,Arr_SUHI_3,Arr_SUHI_3_JJA,Arr_SUHI_3_DJF,Arr_SWBGT_U_3,Arr_SWBGT_U_3_JJA,Arr_SWBGT_U_3_DJF,Arr_TBUILD_3,Arr_TBUILD_3_JJA,Arr_TBUILD_3_DJF,Arr_CUHI_5,Arr_CUHI_5_JJA,Arr_CUHI_5_DJF,Arr_SUHI_5,Arr_SUHI_5_JJA,Arr_SUHI_5_DJF,Arr_SWBGT_U_5,Arr_SWBGT_U_5_JJA,Arr_SWBGT_U_5_DJF,Arr_TBUILD_5,Arr_TBUILD_5_JJA,Arr_TBUILD_5_DJF
2015,0.8016964793205261,0.8652706146240234,0.7067356705665588,1.3566752672195435,1.4435335397720337,1.2003179788589478,20.867650985717773,25.298826217651367,16.10369110107422,22.775625228881836,26.415756225585938,19.198440551757812,0.7955681681632996,0.8586440682411194,0.7015038728713989,1.3163888454437256,1.3986893892288208,1.1686240434646606,20.864301681518555,25.295181274414062,16.100934982299805,22.74936866760254,26.385480880737305,19.178834915161133,0.8010565638542175,0.8645236492156982,0.7062941789627075,1.3544390201568604,1.4408514499664307,1.198885440826416,20.867280960083008,25.29837989807129,16.10343360900879,22.776344299316406,26.416671752929688,19.198890686035156,0.7995774745941162,0.8631114363670349,0.7048534154891968,1.3501343727111816,1.4366670846939087,1.1948258876800537,20.866703033447266,25.297866821289062,16.10284423828125,22.7657413482666,26.40419578552246,19.19103240966797
2016,0.765078067779541,0.8442306518554688,0.6743298172950745,1.258517861366272,1.3812450170516968,1.148990273475647,21.08403778076172,25.415245056152344,16.24713706970215,22.950719833374023,26.670034408569336,19.18083953857422,0.7588973641395569,0.8374214768409729,0.6692195534706116,1.2181320190429688,1.3358207941055298,1.1176694631576538,21.080720901489258,25.41156768798828,16.24445152282715,22.92450714111328,26.639314651489258,19.161972045898438,0.764430582523346,0.8434658050537109,0.6738870739936829,1.2562867403030396,1.3785502910614014,1.1475657224655151,21.08366584777832,25.414794921875,16.24687957763672,22.951431274414062,26.670934677124023,19.181283950805664,0.7630016207695007,0.8420488834381104,0.6724830269813538,1.2521262168884277,1.3743726015090942,1.143601655960083,21.08312225341797,25.414274215698242,16.246315002441406,22.940885543823242,26.658361434936523,19.173683166503906
2017,0.7580013871192932,0.8320160508155823,0.6972850561141968,1.2505861520767212,1.3349814414978027,1.177978754043579,20.94814682006836,25.45341682434082,15.813538551330566,22.847869873046875,26.432085037231445,19.097822189331055,0.7517957091331482,0.8253521919250488,0.6920056939125061,1.2102060317993164,1.2904407978057861,1.1460280418395996,20.944833755493164,25.449792861938477,15.810754776000977,22.821746826171875,26.401973724365234,19.078548431396484,0.7573540806770325,0.8312733173370361,0.6968254446983337,1.2483562231063843,1.3323392868041992,1.17647385597229,20.94776725769043,25.452974319458008,15.813273429870605,22.84857940673828,26.432992935180664,19.098270416259766,0.7559363842010498,0.8298677802085876,0.6954264640808105,1.2442352771759033,1.3282097578048706,1.1725656986236572,20.94722557067871,25.452472686767578,15.812700271606445,22.83810806274414,26.420520782470703,19.09044075012207
2018,0.7669306397438049,0.833098828792572,0.7074214220046997,1.260982871055603,1.3402934074401855,1.2240800857543945,20.600831985473633,25.015464782714844,15.831619262695312,22.56448745727539,26.031625747680664,19.004350662231445,0.760679304599762,0.8264708518981934,0.7021516561508179,1.2204686403274536,1.2956531047821045,1.192345142364502,20.597482681274414,25.011844635009766,15.828841209411621,22.53822135925293,26.001893997192383,18.984752655029297,0.7662773728370667,0.8323470950126648,0.7069648504257202,1.2587183713912964,1.3376041650772095,1.2226178646087646,20.600452423095703,25.0150203704834,15.831358909606934,22.565196990966797,26.03253936767578,19.00479507446289,0.7648494839668274,0.8309395909309387,0.7055336833000183,1.254623532295227,1.3334989547729492,1.2186073064804077,20.59991455078125,25.014522552490234,15.830760955810547,22.554645538330078,26.020109176635742,18.997013092041016
2019,0.7639628648757935,0.8312620520591736,0.6900745034217834,1.252604365348816,1.345272183418274,1.1571412086486816,20.766698837280273,25.188047409057617,16.139724731445312,22.76429557800293,26.369821548461914,19.365646362304688,0.7577475905418396,0.8245313763618469,0.6680890917778015,1.2121256589889526,1.300271987915039,1.0229099988937378,20.763364791870117,25.18439292907715,16.128040313720703,22.737930297851562,26.339527130126953,19.282602310180664,0.763312816619873,0.8305052518844604,0.6896336078643799,1.2503647804260254,1.3425909280776978,1.155714511871338,20.766321182250977,25.18760108947754,16.13947105407715,22.765016555786133,26.3707332611084,19.366100311279297,0.7618929743766785,0.8291095495223999,0.6882026195526123,1.2462443113327026,1.3384809494018555,1.1516975164413452,20.76577377319336,25.187089920043945,16.138891220092773,22.754413604736328,26.358272552490234,19.358171463012695
2020,0.7443472146987915,0.8123546242713928,0.6928967237472534,1.2239915132522583,1.3001469373703003,1.193104863166809,20.96561622619629,25.360332489013672,15.863673210144043,22.92275047302246,26.380123138427734,19.05769157409668,0.7068730592727661,0.7721462249755859,0.6602907776832581,0.9854446053504944,1.0344775915145874,1.0019952058792114,20.945661544799805,25.338422775268555,15.846902847290039,22.767913818359375,26.202686309814453,18.942218780517578,0.7437083125114441,0.8116036057472229,0.6924434900283813,1.221791386604309,1.2974897623062134,1.1916271448135376,20.965242385864258,25.35988426208496,15.863410949707031,22.923458099365234,26.381025314331055,19.058141708374023,0.742275595664978,0.8101881146430969,0.6910310387611389,1.2176681756973267,1.293400526046753,1.187678337097168,20.964712142944336,25.35939598083496,15.862846374511719,22.913007736206055,26.36870002746582,19.05038070678711
2021,0.7442983388900757,0.817279040813446,0.6902097463607788,1.1969853639602661,1.2676554918289185,1.158651351928711,20.753856658935547,25.213712692260742,15.52255630493164,22.65856170654297,26.37415313720703,19.00395393371582,0.7063426375389099,0.776419997215271,0.6585487127304077,0.9546496272087097,0.9981392621994019,0.9701093435287476,20.73373031616211,25.191587448120117,15.506123542785645,22.503314971923828,26.1926212310791,18.888643264770508,0.7436472177505493,0.8165199160575867,0.6897695064544678,1.1947354078292847,1.2649742364883423,1.1572167873382568,20.753475189208984,25.213260650634766,15.522300720214844,22.659276962280273,26.37506103515625,19.0044002532959,0.7422327995300293,0.8151077032089233,0.6883770227432251,1.1906464099884033,1.260854721069336,1.153289556503296,20.75295066833496,25.21276092529297,15.521736145019531,22.648834228515625,26.362571716308594,18.99675941467285
2022,0.7606322765350342,0.8333474397659302,0.7141655087471008,1.23601233959198,1.315840721130371,1.2265619039535522,20.59555435180664,25.187559127807617,15.592427253723145,22.674638748168945,26.356924057006836,19.01799774169922,0.7225913405418396,0.7924235463142395,0.6819000840187073,0.9930863976478577,1.0449285507202148,1.0352411270141602,20.575420379638672,25.1654109954834,15.575602531433105,22.516223907470703,26.173931121826172,18.901168823242188,0.7599890828132629,0.8325952291488647,0.7137191295623779,1.2337788343429565,1.3131606578826904,1.2251085042953491,20.595178604125977,25.187108993530273,15.592167854309082,22.67536163330078,26.35784912109375,19.018447875976562,0.7585678100585938,0.8311771154403687,0.7123247385025024,1.2296632528305054,1.3090240955352783,1.2211610078811646,20.594646453857422,25.18661880493164,15.591593742370605,22.664796829223633,26.34524917602539,19.01068878173828
2023,0.762708842754364,0.8360978364944458,0.688622236251831,1.254485845565796,1.3546550273895264,1.202293038368225,20.633371353149414,25.057811737060547,16.208683013916016,22.666025161743164,26.2265682220459,19.36543846130371,0.7245827913284302,0.7947210073471069,0.657581627368927,1.01115083694458,1.0815703868865967,1.0160350799560547,20.613168716430664,25.035560607910156,16.19246482849121,22.50872230529785,26.042804718017578,19.250581741333008,0.7620547413825989,0.8353236317634583,0.6881886720657349,1.252231240272522,1.3519177436828613,1.200882077217102,20.63298988342285,25.057355880737305,16.208431243896484,22.666738510131836,26.22747039794922,19.365882873535156,0.7606528997421265,0.8339428901672363,0.6868283152580261,1.2481467723846436,1.347880482673645,1.1970247030258179,20.6324520111084,25.056859970092773,16.207876205444336,22.65625762939453,26.2149715423584,19.358217239379883
2024,0.7544687390327454,0.8328992128372192,0.6739981174468994,1.253636121749878,1.342968225479126,1.1242197751998901,21.019920349121094,25.44024085998535,16.240293502807617,22.946582794189453,26.54452896118164,19.194969177246094,0.7167512774467468,0.7916226387023926,0.6243094205856323,1.012662410736084,1.072127342224121,0.8249756097793579,20.999984741210938,25.418190002441406,16.21415138244629,22.788692474365234,26.358592987060547,19.016199111938477,0.7538284659385681,0.8321349024772644,0.6703639626502991,1.2514262199401855,1.3402762413024902,1.1123857498168945,21.019546508789062,25.439794540405273,16.238210678100586,22.94729232788086,26.54543113708496,19.198488235473633,0.7524428963661194,0.8307592868804932,0.6721713542938232,1.2473706007003784,1.3361968994140625,1.118876338005066,21.019020080566406,25.439294815063477,16.23946189880371,22.936832427978516,26.532869338989258,19.187740325927734
2025,0.7629213333129883,0.8487037420272827,0.6894459128379822,1.251139760017395,1.3693876266479492,1.1712349653244019,20.974897384643555,25.405569076538086,16.240489959716797,22.99854850769043,26.69044303894043,19.346174240112305,0.6918720602989197,0.7711299061775208,0.6294266581535339,0.8006688952445984,0.862024188041687,0.8204797506332397,20.937421798706055,25.364116668701172,16.209501266479492,22.707271575927734,26.34787940979004,19.131784439086914,0.7556503415107727,0.8400864005088806,0.6844699382781982,1.2260558605194092,1.338897705078125,1.1551647186279297,20.970703125,25.400541305541992,16.237621307373047,23.006376266479492,26.700420379638672,19.351089477539062,0.7608707547187805,0.8465439677238464,0.687606692314148,1.244789958000183,1.3625421524047852,1.165858268737793,20.973976135253906,25.404603958129883,16.23965835571289,22.9887638092041,26.678770065307617,19.338895797729492
2026,0.7608026266098022,0.836662232875824,0.6779459118843079,1.244385004043579,1.3521023988723755,1.1525596380233765,21.081674575805664,25.403209686279297,16.105396270751953,23.022220611572266,26.62912940979004,19.33837127685547,0.6894834637641907,0.7603874206542969,0.6192800998687744,0.794998049736023,0.8508076071739197,0.8072960376739502,21.044103622436523,25.362245559692383,16.075088500976562,22.729280471801758,26.290067672729492,19.126108169555664,0.7535757422447205,0.8282102942466736,0.6730696558952332,1.2195146083831787,1.3221842050552368,1.1367839574813843,21.077486038208008,25.398242950439453,16.102596282958984,23.03009796142578,26.639223098754883,19.3432559967041,0.7587443590164185,0.8345058560371399,0.6761271357536316,1.238041639328003,1.3452768325805664,1.1471996307373047,21.080759048461914,25.402257919311523,16.104576110839844,23.012357711791992,26.617464065551758,19.331178665161133
2027,0.75728440284729,0.8345226645469666,0.6845412254333496,1.2331169843673706,1.3356136083602905,1.1575812101364136,21.24227523803711,25.52950096130371,16.502954483032227,23.18865966796875,26.749135971069336,19.45566177368164,0.6861678957939148,0.7573491930961609,0.6256454586982727,0.7856237888336182,0.8333969116210938,0.8112650513648987,21.204923629760742,25.488370895385742,16.47254753112793,22.895427703857422,26.406944274902344,19.24250602722168,0.7500247955322266,0.8259392976760864,0.6796750426292419,1.208176612854004,1.3053873777389526,1.141850471496582,21.238067626953125,25.524486541748047,16.500146865844727,23.19651985168457,26.75904083251953,19.460533142089844,0.7552386522293091,0.8323717713356018,0.6827340722084045,1.2267943620681763,1.3288217782974243,1.1522653102874756,21.241361618041992,25.52855110168457,16.50214385986328,23.17881202697754,26.73750877380371,19.448486328125
2028,0.7558060884475708,0.832949697971344,0.6831433176994324,1.229182481765747,1.3503261804580688,1.1559194326400757,21.15188217163086,25.53101348876953,15.823746681213379,23.062406539916992,26.722087860107422,19.21770668029785,0.685003936290741,0.756844699382782,0.6252480149269104,0.7827339172363281,0.8535934090614319,0.8135135173797607,21.114578247070312,25.490135192871094,15.793510437011719,22.769102096557617,26.384130477905273,19.00727653503418,0.7485960721969604,0.8246976137161255,0.6783137917518616,1.2043888568878174,1.3210535049438477,1.140255331993103,21.147689819335938,25.526113510131836,15.820939064025879,23.07023048400879,26.732067108154297,19.222671508789062,0.753767728805542,0.830829918384552,0.681338369846344,1.2228807210922241,1.3436323404312134,1.1505756378173828,21.150968551635742,25.530075073242188,15.822929382324219,23.05259895324707,26.710603713989258,19.21051025390625
2029,0.7639190554618835,0.8265326619148254,0.6746987700462341,1.2692607641220093,1.324134111404419,1.129007339477539,20.771772384643555,25.42261505126953,16.470685958862305,22.890047073364258,26.47413444519043,19.51637840270996,0.6927876472473145,0.7504926323890686,0.5942150950431824,0.8219764232635498,0.8283824324607849,0.6633392572402954,20.734439849853516,25.381946563720703,16.429393768310547,22.601139068603516,26.141740798950195,19.230382919311523,0.7567094564437866,0.8181873559951782,0.669562041759491,1.2444475889205933,1.294508934020996,1.1125866174697876,20.76759147644043,25.417678833007812,16.467731475830078,22.897911071777344,26.484182357788086,19.521411895751953,0.7618523836135864,0.8243796825408936,0.6728209257125854,1.2629042863845825,1.3173552751541138,1.1235895156860352,20.7708683013916,25.421676635742188,16.469844818115234,22.880294799804688,26.462623596191406,19.508840560913086
2030,0.740410327911377,0.8293563723564148,0.6824350357055664,1.1977944374084473,1.3504747152328491,1.1775890588760376,21.375614166259766,25.651851654052734,16.393945693969727,23.1949520111084,26.769262313842773,19.5140438079834,0.6363552808761597,0.7170226573944092,0.594852864742279,0.5520303845405579,0.6283550262451172,0.6702371835708618,21.321020126342773,25.591938018798828,16.349117279052734,22.770177841186523,26.277366638183594,19.202951431274414,0.7332490086555481,0.8208664059638977,0.6774938106536865,1.1732897758483887,1.320792555809021,1.1616572141647339,21.37145233154297,25.646883010864258,16.391101837158203,23.202796936035156,26.77903175354004,19.51894187927246,0.7383678555488586,0.8272051215171814,0.6806206703186035,1.1915183067321777,1.3437292575836182,1.1722521781921387,21.374710083007812,25.650903701782227,16.393136978149414,23.18509292602539,26.757709503173828,19.506824493408203
2031,0.7541158199310303,0.8108829259872437,0.7060158848762512,1.2378209829330444,1.294766902923584,1.136130690574646,21.245677947998047,25.704565048217773,16.282407760620117,23.09553337097168,26.569639205932617,19.254175186157227,0.6487762331962585,0.7008440494537354,0.6131805777549744,0.5859785676002502,0.5841854214668274,0.6134983897209167,21.19064712524414,25.645408630371094,16.234806060791016,22.670822143554688,26.089977264404297,18.930519104003906,0.746904730796814,0.8026875853538513,0.7008417248725891,1.21309494972229,1.2657610177993774,1.1195991039276123,21.241483688354492,25.69968032836914,16.27941131591797,23.103343963623047,26.579633712768555,19.259174346923828,0.752045750617981,0.8087368011474609,0.6783023476600647,1.231473684310913,1.2880409955978394,1.057066559791565,21.244768142700195,25.70363998413086,16.270225524902344,23.085710525512695,26.558162689208984,19.152667999267578
2032,0.755834698677063,0.8222848176956177,0.6933876276016235,1.215933084487915,1.3127838373184204,1.2222874164581299,20.893573760986328,25.355812072753906,15.568939208984375,22.872976303100586,26.455543518066406,19.286834716796875,0.6505554914474487,0.7098501324653625,0.6047120690345764,0.5655961632728577,0.5895909667015076,0.7120086550712585,20.83835220336914,25.295734405517578,15.523909568786621,22.45012664794922,25.970882415771484,18.9710693359375,0.7486149668693542,0.8137810230255127,0.6884796619415283,1.1911741495132446,1.2829320430755615,1.206273078918457,20.889381408691406,25.350807189941406,15.566131591796875,22.880813598632812,26.465394973754883,19.29172134399414,0.7130495309829712,0.777869462966919,0.6568773984909058,1.0887104272842407,1.177738904953003,1.1173553466796875,20.875394821166992,25.33718490600586,15.55293083190918,22.681190490722656,26.229965209960938,19.145761489868164
2033,0.7589510083198547,0.8299480676651001,0.6890014410018921,1.265184760093689,1.3495367765426636,1.1658750772476196,21.03041648864746,25.488449096679688,16.6286563873291,23.12348175048828,26.678173065185547,19.70572853088379,0.6548420190811157,0.7178964614868164,0.6010130047798157,0.6156964898109436,0.6236381530761719,0.6589946150779724,20.9759464263916,25.428476333618164,16.583303451538086,22.699176788330078,26.190322875976562,19.395540237426758,0.7518090009689331,0.8215780258178711,0.6840262413024902,1.24051034450531,1.3198689222335815,1.1499574184417725,21.02629280090332,25.483539581298828,16.625802993774414,23.131221771240234,26.687984466552734,19.710586547851562,0.7187853455543518,0.7882470488548279,0.6519967913627625,1.1429122686386108,1.219400405883789,1.0603934526443481,21.01266098022461,25.469987869262695,16.61220932006836,22.93506622314453,26.457012176513672,19.563539505004883
2034,0.7404486536979675,0.8155584931373596,0.6927134990692139,1.2065842151641846,1.3031413555145264,1.154112458229065,21.406761169433594,25.864286422729492,16.09228515625,23.247175216674805,26.812904357910156,19.20236587524414,0.635118842124939,0.7048611044883728,0.5818634033203125,0.560154139995575,0.5891416668891907,0.5209702849388123,21.351842880249023,25.80489730834961,16.035165786743164,22.823688507080078,26.332883834838867,18.817508697509766,0.7332370281219482,0.8072506785392761,0.6843543648719788,1.181923508644104,1.2737839221954346,1.126991629600525,21.4025821685791,25.859355926513672,16.087472915649414,23.254961013793945,26.82276153564453,19.210519790649414,0.6993392109870911,0.7730847001075745,0.6554194688796997,1.0836598873138428,1.1723366975784302,1.0484336614608765,21.388999938964844,25.846113204956055,16.075716018676758,23.057022094726562,26.59081268310547,19.05883026123047
2035,0.7631340026855469,0.8290618658065796,0.6997263431549072,1.246230959892273,1.292196273803711,1.1726617813110352,20.969589233398438,25.6264591217041,15.907496452331543,22.958410263061523,26.80112075805664,19.23588752746582,0.6225122809410095,0.6799781322479248,0.576079249382019,0.3825925290584564,0.3381118178367615,0.48499977588653564,20.895767211914062,25.546607971191406,15.844280242919922,22.396778106689453,26.156890869140625,18.815488815307617,0.749083936214447,0.8128187656402588,0.6896981000900269,1.1980279684066772,1.2348581552505493,1.14065682888031,20.961441040039062,25.616853713989258,15.901774406433105,22.973424911499023,26.820199966430664,19.24538803100586,0.7216107249259949,0.7857071757316589,0.6614183783531189,1.122064232826233,1.159030795097351,1.064939260482788,20.951568603515625,25.608081817626953,15.890350341796875,22.765892028808594,26.575408935546875,19.088964462280273
2036,0.7671734094619751,0.86077481508255,0.6752638816833496,1.2606710195541382,1.4138052463531494,1.1350939273834229,21.162565231323242,25.60131072998047,16.480010986328125,23.18225860595703,26.974058151245117,19.539897918701172,0.6263164281845093,0.7091119885444641,0.5586416125297546,0.39534804224967957,0.4363912343978882,0.47776174545288086,21.089021682739258,25.520427703857422,16.420703887939453,22.61591148376465,26.308507919311523,19.130395889282227,0.7530851364135742,0.8441172242164612,0.6661615967750549,1.2122422456741333,1.3549072742462158,1.1057968139648438,21.15443229675293,25.59161376953125,16.474761962890625,23.19729995727539,26.99319839477539,19.54922103881836,0.7266935706138611,0.8189854025840759,0.6389622092247009,1.1376333236694336,1.2820204496383667,1.031420111656189,21.14459228515625,25.582380294799805,16.464075088500977,22.990129470825195,26.745834350585938,19.39886474609375
2037,0.7357842922210693,0.8101452589035034,0.690348207950592,1.2029911279678345,1.302977442741394,1.1576087474822998,21.55953598022461,26.055818557739258,16.36077880859375,23.317893981933594,27.075008392333984,19.41275978088379,0.5965079665184021,0.66171795129776,0.5695831179618835,0.3568859100341797,0.36422863602638245,0.4832451343536377,21.48712921142578,25.97718620300293,16.299091339111328,22.763710021972656,26.43202781677246,18.99312973022461,0.722134530544281,0.7942121028900146,0.6807906031608582,1.1563318967819214,1.2467862367630005,1.1270239353179932,21.55160140991211,26.046411514282227,16.35526466369629,23.332809448242188,27.093870162963867,19.42205047607422,0.6949851512908936,0.7675251960754395,0.6536515355110168,1.0806294679641724,1.172072172164917,1.0532965660095215,21.54193115234375,26.037841796875,16.34446907043457,23.128875732421875,26.85262680053711,19.27141761779785
2038,0.7574836015701294,0.8206292390823364,0.7087337374687195,1.2374060153961182,1.3017566204071045,1.2012015581130981,21.21162223815918,25.898786544799805,16.075950622558594,23.13568878173828,26.89244842529297,19.412979125976562,0.6161409616470337,0.6737959980964661,0.5869223475456238,0.3758372664451599,0.3599574565887451,0.5200415849685669,21.138015747070312,25.820308685302734,16.01420783996582,22.573232650756836,26.256895065307617,18.985990524291992,0.7435593008995056,0.8048128485679626,0.6992226839065552,1.1896233558654785,1.2453221082687378,1.1705704927444458,21.20354461669922,25.88936424255371,16.07050895690918,23.150741577148438,26.911670684814453,19.422367095947266,0.7159310579299927,0.7776058912277222,0.6712779998779297,1.1131263971328735,1.169279932975769,1.0945067405700684,21.193767547607422,25.880849838256836,16.05940818786621,22.943222045898438,26.667917251586914,19.2685546875
2039,0.772911548614502,0.8466458320617676,0.7027596235275269,1.2780139446258545,1.3782662153244019,1.2188332080841064,21.052404403686523,25.76303482055664,15.950636863708496,23.17335319519043,27.156530380249023,19.601375579833984,0.6325036883354187,0.6959021091461182,0.5681244134902954,0.41252410411834717,0.41181108355522156,0.44959571957588196,20.978899002075195,25.68257713317871,15.881332397460938,22.60820770263672,26.499971389770508,19.12241554260254,0.7589595317840576,0.8302597999572754,0.6934946775436401,1.2299888134002686,1.3203448057174683,1.1887887716293335,21.044349670410156,25.753446578979492,15.945301055908203,23.188302993774414,27.175432205200195,19.6109561920166,0.732410192489624,0.8045048713684082,0.6664475798606873,1.1548783779144287,1.2465555667877197,1.1137104034423828,21.034393310546875,25.744178771972656,15.934529304504395,22.982458114624023,26.93143081665039,19.46004867553711
2040,0.7494282722473145,0.8135402202606201,0.7032634615898132,1.2447924613952637,1.3468824625015259,1.2085853815078735,21.34032440185547,25.89374351501465,16.09488296508789,23.270971298217773,26.898447036743164,19.49980354309082,0.5745068788528442,0.6265556216239929,0.5542466640472412,0.19022847712039948,0.17812180519104004,0.381009966135025,21.249319076538086,25.794763565063477,16.019195556640625,22.57881736755371,26.10662078857422,18.982524871826172,0.7356770634651184,0.7976155877113342,0.6938780546188354,1.1978169679641724,1.2909879684448242,1.178222894668579,21.332355499267578,25.88434600830078,16.089502334594727,23.28586196899414,26.917203903198242,19.509078979492188,0.7087851166725159,0.7715077996253967,0.6666309833526611,1.1222283840179443,1.2174004316329956,1.1033152341842651,21.32253074645996,25.87558364868164,16.07870101928711,23.08114242553711,26.677112579345703,19.359045028686523
2041,0.7486281991004944,0.8063897490501404,0.682144045829773,1.2493396997451782,1.3044025897979736,1.124510407447815,21.212039947509766,26.09031867980957,16.595382690429688,23.222558975219727,27.04322624206543,19.546653747558594,0.5741773247718811,0.6246247887611389,0.5276289582252502,0.19650182127952576,0.15062250196933746,0.2848844528198242,21.12127113342285,25.99284553527832,16.51744270324707,22.537200927734375,26.276596069335938,19.01729393005371,0.734948456287384,0.7905914187431335,0.6725301742553711,1.2022234201431274,1.248242974281311,1.0940732955932617,21.2041015625,26.080930709838867,16.58984375,23.237333297729492,27.06191635131836,19.556169509887695,0.7079740762710571,0.764807403087616,0.6438894867897034,1.126996636390686,1.1762033700942993,1.0176128149032593,21.19451332092285,26.072580337524414,16.578723907470703,23.035324096679688,26.826236724853516,19.39873695373535
2042,0.7497864365577698,0.8272891044616699,0.683199942111969,1.223802089691162,1.3259146213531494,1.1294212341308594,21.31868553161621,25.763978958129883,16.349136352539062,23.214996337890625,26.981721878051758,19.358783721923828,0.5717030763626099,0.6374404430389404,0.5277930498123169,0.15297900140285492,0.1310894787311554,0.2761140465736389,21.22634506225586,25.663421630859375,16.270950317382812,22.515213012695312,26.174755096435547,18.832483291625977,0.7357919812202454,0.8108669519424438,0.6732052564620972,1.1760098934173584,1.2680021524429321,1.0975615978240967,21.31060218811035,25.754379272460938,16.34345817565918,23.229997634887695,27.000749588012695,19.368146896362305,0.7083417773246765,0.7845410704612732,0.6452113389968872,1.100088119506836,1.1941725015640259,1.022568702697754,21.300846099853516,25.74563217163086,16.332422256469727,23.022260665893555,26.75657844543457,19.213565826416016
2043,0.7412010431289673,0.8438333868980408,0.6533408761024475,1.1982190608978271,1.381162405014038,1.1003506183624268,21.57047462463379,26.07630157470703,16.830881118774414,23.377973556518555,27.331016540527344,19.815202713012695,0.564125120639801,0.6524062752723694,0.5074261426925659,0.13214078545570374,0.18114350736141205,0.2880716621875763,21.478918075561523,25.975831985473633,16.756664276123047,22.6779842376709,26.50458526611328,19.310836791992188,0.7272921800613403,0.827433168888092,0.6441239714622498,1.1505491733551025,1.3231863975524902,1.0708897113800049,21.56242561340332,26.06673240661621,16.825557708740234,23.39301300048828,27.35012435913086,19.824649810791016,0.7005013227462769,0.8013340830802917,0.6165907382965088,1.0753722190856934,1.2484253644943237,0.9958893060684204,21.552629470825195,26.057659149169922,16.814712524414062,23.186487197875977,27.10395050048828,19.67384147644043
2044,0.733669102191925,0.8192426562309265,0.6681078672409058,1.2026407718658447,1.3218830823898315,1.0944827795028687,21.707670211791992,26.165639877319336,16.551929473876953,23.52959632873535,27.290742874145508,19.34144401550293,0.5568355917930603,0.6293742060661316,0.4900621771812439,0.14482584595680237,0.133231982588768,0.13394106924533844,21.6163387298584,26.06560516357422,16.462255477905273,22.83447265625,26.486555099487305,18.747413635253906,0.7198203206062317,0.8029934763908386,0.6547820568084717,1.1553850173950195,1.2645615339279175,1.0525017976760864,21.699657440185547,26.156078338623047,16.544376373291016,23.544530868530273,27.30974578857422,19.353872299194336,0.6924537420272827,0.7763552665710449,0.6290362477302551,1.0795292854309082,1.1902031898498535,0.9867126941680908,21.689973831176758,26.147457122802734,16.534902572631836,23.3388671875,27.066673278808594,19.19557762145996
2045,0.7561953663825989,0.8358408212661743,0.6908635497093201,1.2476139068603516,1.3667588233947754,1.2116055488586426,21.405162811279297,26.017560958862305,16.481258392333984,23.39065170288086,27.30699348449707,19.706172943115234,0.5408362150192261,0.6051080822944641,0.5135842561721802,-0.035647954791784286,-0.06411920487880707,0.2263418436050415,21.2939453125,25.896448135375977,16.390485763549805,22.548978805541992,26.32771873474121,19.095674514770508,0.735222578048706,0.8113697171211243,0.676753044128418,1.1762638092041016,1.2811216115951538,1.1663726568222046,21.39316177368164,26.00337028503418,16.47315788269043,23.412456512451172,27.334590911865234,19.719762802124023,0.7153422832489014,0.7934118509292603,0.6548023223876953,1.124553918838501,1.2348119020462036,1.107752799987793,21.387182235717773,25.998876571655273,16.465124130249023,23.199913024902344,27.0819091796875,19.565574645996094
2046,0.7380096912384033,0.7835187315940857,0.6702407002449036,1.222057819366455,1.2544246912002563,1.1100369691848755,21.53814697265625,26.055831909179688,16.247106552124023,23.37261199951172,26.841276168823242,19.58927345275879,0.5253368020057678,0.5623392462730408,0.4822586178779602,-0.038818519562482834,-0.11545104533433914,0.10212041437625885,21.428041458129883,25.938522338867188,16.153217315673828,22.54646873474121,25.915990829467773,18.95941162109375,0.7174930572509766,0.7600846886634827,0.6557106375694275,1.1519478559494019,1.1715645790100098,1.063765048980713,21.52627944946289,26.04193115234375,16.23882484436035,23.394515991210938,26.868898391723633,19.60338592529297,0.6972410678863525,0.7412604689598083,0.6321694254875183,1.0998133420944214,1.124891996383667,1.0035912990570068,21.52059555053711,26.03818702697754,16.230648040771484,23.18303680419922,26.622215270996094,19.442977905273438
2047,0.7520238757133484,0.8162804841995239,0.6529971957206726,1.2530184984207153,1.3410382270812988,1.11238694190979,21.293338775634766,25.6698055267334,16.57569694519043,23.326353073120117,26.891813278198242,19.881059646606445,0.5358226895332336,0.5870006680488586,0.47591158747673035,-0.03231409937143326,-0.08572246134281158,0.13772793114185333,21.182294845581055,25.549345016479492,16.48642921447754,22.486520767211914,25.924850463867188,19.280559539794922,0.7310532927513123,0.7920094728469849,0.6391946077346802,1.1816774606704712,1.2559895515441895,1.0681939125061035,21.28133773803711,25.655675888061523,16.567808151245117,23.348426818847656,26.919822692871094,19.894834518432617,0.7110013365745544,0.7742272019386292,0.6173169612884521,1.1295255422592163,1.210466742515564,1.009630799293518,21.275480270385742,25.65150260925293,16.56007194519043,23.134119033813477,26.6685733795166,19.74163818359375
2048,0.7269391417503357,0.798048734664917,0.6621143817901611,1.2031840085983276,1.3116735219955444,1.1076120138168335,21.680238723754883,26.212648391723633,16.472301483154297,23.560495376586914,27.17954444885254,19.551368713378906,0.5139000415802002,0.5707265138626099,0.4792681038379669,-0.05603117123246193,-0.08861473202705383,0.11434035748243332,21.571002960205078,26.093647003173828,16.380443572998047,22.73537254333496,26.230026245117188,18.93840789794922,0.7064624428749084,0.7742255926132202,0.647756814956665,1.1334092617034912,1.228177785873413,1.0619021654129028,21.668466567993164,26.198673248291016,16.464141845703125,23.582317352294922,27.207183837890625,19.565095901489258,0.6862131953239441,0.7556747794151306,0.5948383808135986,1.0809690952301025,1.181829810142517,0.9195701479911804,21.662778854370117,26.194847106933594,16.44366455078125,23.371885299682617,26.9588623046875,19.305950164794922
2049,0.7433655858039856,0.8189292550086975,0.664909303188324,1.236726999282837,1.3632656335830688,1.1107120513916016,21.54077911376953,25.90057373046875,16.805130004882812,23.532751083374023,27.154211044311523,19.852245330810547,0.5300436019897461,0.5925054550170898,0.45579153299331665,-0.03662731498479843,-0.056148409843444824,-0.008083309978246689,21.430814743041992,25.781156539916992,16.700387954711914,22.703475952148438,26.208412170410156,19.16168975830078,0.7224782705307007,0.7943833470344543,0.6500540971755981,1.16545569896698,1.2771204710006714,1.0638926029205322,21.52884292602539,25.886404037475586,16.796709060668945,23.554521560668945,27.181432723999023,19.86609649658203,0.6557577848434448,0.7296388745307922,0.5840679407119751,0.9784208536148071,1.091081976890564,0.8888978958129883,21.50337028503418,25.862163543701172,16.7703914642334,23.136157989501953,26.69458770751953,19.548686981201172
2050,0.7442394495010376,0.8186256885528564,0.6738669872283936,1.2319507598876953,1.372347354888916,1.0897092819213867,21.8508243560791,26.304183959960938,16.903600692749023,23.706029891967773,27.487382888793945,19.698461532592773,0.48982635140419006,0.548385500907898,0.4568420350551605,-0.25432413816452026,-0.28406989574432373,-0.07938073575496674,21.720304489135742,26.162565231323242,16.794490814208984,22.716026306152344,26.35237693786621,18.96470069885254,0.7233749628067017,0.7944970726966858,0.6592768430709839,1.161271572113037,1.2879055738449097,1.0438634157180786,21.838857650756836,26.29013442993164,16.89525604248047,23.727903366088867,27.51504898071289,19.712350845336914,0.656373918056488,0.7277018427848816,0.5941901803016663,0.9733889698982239,1.09688138961792,0.8688285946846008,21.81291961669922,26.26546859741211,16.868505477905273,23.30284881591797,27.020483016967773,19.395519256591797
2051,0.7398762702941895,0.8287824988365173,0.670043408870697,1.2032779455184937,1.3874502182006836,1.12152099609375,21.792335510253906,26.309083938598633,17.185073852539062,23.666526794433594,27.546154022216797,19.985492706298828,0.48576781153678894,0.5539225935935974,0.4566936790943146,-0.28570660948753357,-0.2920750081539154,-0.032546818256378174,21.662004470825195,26.165861129760742,17.07729148864746,22.68117332458496,26.401514053344727,19.263469696044922,0.7190088033676147,0.8040779232978821,0.6557326316833496,1.1322133541107178,1.3011360168457031,1.0760140419006348,21.780344009399414,26.294797897338867,17.176864624023438,23.68855857849121,27.573888778686523,19.999256134033203,0.6537312269210815,0.7387642860412598,0.5918518304824829,0.9481633901596069,1.1125823259353638,0.9034676551818848,21.754762649536133,26.269607543945312,17.150793075561523,23.265493392944336,27.07473373413086,19.684980392456055
2052,0.7325375080108643,0.8107792735099792,0.6580833792686462,1.1994620561599731,1.331324815750122,1.0349849462509155,21.869543075561523,26.29118537902832,17.05146026611328,23.57982063293457,27.285860061645508,19.795455932617188,0.4793243706226349,0.5419843196868896,0.43272721767425537,-0.27932021021842957,-0.3098680377006531,-0.15410573780536652,21.739763259887695,26.150609970092773,16.93877410888672,22.60533905029297,26.16826057434082,19.06217384338379,0.7117329239845276,0.7866329550743103,0.6427900195121765,1.1288323402404785,1.246792197227478,0.9871083498001099,21.85757827758789,26.277076721191406,17.042797088623047,23.6016902923584,27.31369400024414,19.809268951416016,0.6449397206306458,0.7194815874099731,0.5752665400505066,0.9419851303100586,1.0558676719665527,0.8099883794784546,21.832178115844727,26.253061294555664,17.015567779541016,23.179611206054688,26.816560745239258,19.486663818359375
2053,0.741433322429657,0.8273588418960571,0.6561447381973267,1.203956127166748,1.3685038089752197,1.0971208810806274,21.798561096191406,26.237876892089844,16.748828887939453,23.676780700683594,27.486080169677734,19.687236785888672,0.4848921597003937,0.556443452835083,0.4339272975921631,-0.29197052121162415,-0.30084535479545593,-0.07703326642513275,21.666776657104492,26.095155715942383,16.6378116607666,22.691360473632812,26.36629867553711,18.954959869384766,0.7202965617179871,0.8029749393463135,0.6413405537605286,1.1320346593856812,1.2829235792160034,1.0503960847854614,21.78642463684082,26.2236270904541,16.740421295166016,23.69879150390625,27.514022827148438,19.70092010498047,0.6532896757125854,0.737060010433197,0.5745832920074463,0.9456052184104919,1.0940734148025513,0.8738579750061035,21.760509490966797,26.198854446411133,16.71326446533203,23.27137565612793,27.017473220825195,19.382976531982422
2054,0.738709032535553,0.8311522006988525,0.671977162361145,1.2135570049285889,1.3958693742752075,1.0966150760650635,21.942195892333984,26.500642776489258,16.918031692504883,23.717330932617188,27.695375442504883,19.771974563598633,0.4829657971858978,0.5586171746253967,0.429996132850647,-0.27592453360557556,-0.27021169662475586,-0.1774950921535492,21.810897827148438,26.3580322265625,16.796594619750977,22.736305236816406,26.568750381469727,18.967931747436523,0.7177441120147705,0.8067269325256348,0.6540200114250183,1.1424996852874756,1.3101868629455566,1.0396404266357422,21.930150985717773,26.486446380615234,16.90778160095215,23.739294052124023,27.722858428955078,19.7889461517334,0.6507037878036499,0.740617036819458,0.5910242199897766,0.9553715586662292,1.120808720588684,0.8752070069313049,21.90431022644043,26.461666107177734,16.883390426635742,23.315126419067383,27.229137420654297,19.466466903686523
2055,0.7568285465240479,0.8394511938095093,0.6978887319564819,1.2548775672912598,1.4145797491073608,1.1980730295181274,21.69029998779297,26.08049964904785,16.828828811645508,23.71704864501953,27.540834426879883,19.97258758544922,0.46307435631752014,0.5244630575180054,0.4503113031387329,-0.4520907402038574,-0.5061240196228027,-0.13315452635288239,21.539321899414062,25.915630340576172,16.703203201293945,22.581886291503906,26.231910705566406,19.1377010345459,0.728827178478241,0.8063621520996094,0.6786358952522278,1.159737467765808,1.2992068529129028,1.1371126174926758,21.6743221282959,26.0615177154541,16.81784439086914,23.746030807495117,27.57720947265625,19.99070167541504,0.6703152656555176,0.7510865330696106,0.6188854575157166,0.9982525110244751,1.1430494785308838,0.9765211939811707,21.652402877807617,26.041248321533203,16.793582916259766,23.315759658813477,27.074419021606445,19.673526763916016
2056,0.7479315996170044,0.8368534445762634,0.6925002336502075,1.2359132766723633,1.3589105606079102,1.1876708269119263,21.940385818481445,26.669034957885742,16.405555725097656,23.9289608001709,27.921693801879883,19.72882652282715,0.45389944314956665,0.5179570317268372,0.4389421045780182,-0.4628380537033081,-0.5544356107711792,-0.1458311676979065,21.789752960205078,26.504322052001953,16.278085708618164,22.79640007019043,26.597957611083984,18.891368865966797,0.7200385928153992,0.804144024848938,0.6729150414466858,1.1413910388946533,1.2446105480194092,1.1251699924468994,21.924406051635742,26.65009307861328,16.394433975219727,23.958145141601562,27.958600997924805,19.746959686279297,0.6608189344406128,0.744610607624054,0.6130597591400146,0.9783987998962402,1.079055666923523,0.9672290682792664,21.902870178222656,26.63016700744629,16.370723724365234,23.526348114013672,27.446308135986328,19.429601669311523
2057,0.7562252283096313,0.8325285315513611,0.663817822933197,1.2660914659500122,1.3923749923706055,1.1103614568710327,21.630395889282227,26.066694259643555,17.260351181030273,23.65943717956543,27.477928161621094,19.910127639770508,0.4632120430469513,0.5176063179969788,0.41444119811058044,-0.4405251741409302,-0.5209499001502991,-0.21939629316329956,21.47960662841797,25.902137756347656,17.134103775024414,22.540929794311523,26.177196502685547,19.079225540161133,0.728155791759491,0.799342155456543,0.644234299659729,1.1702673435211182,1.2767196893692017,1.0484464168548584,21.614337921142578,26.047571182250977,17.24915313720703,23.688398361206055,27.514240264892578,19.92831802368164,0.6696316003799438,0.7427290081977844,0.584793746471405,1.0091726779937744,1.1185061931610107,0.8910578489303589,21.592607498168945,26.027624130249023,17.225797653198242,23.261737823486328,27.011388778686523,19.609569549560547
2058,0.7389766573905945,0.8182091116905212,0.6591355204582214,1.2117043733596802,1.3354010581970215,1.1174707412719727,22.079315185546875,26.554153442382812,17.194835662841797,23.913427352905273,27.725767135620117,19.963668823242188,0.445271372795105,0.5049269795417786,0.4052619934082031,-0.4829127788543701,-0.5446246862411499,-0.2086840569972992,21.929235458374023,26.39097785949707,17.068660736083984,22.7888126373291,26.455530166625977,19.127235412597656,0.7110185027122498,0.7855669856071472,0.6397438049316406,1.116776704788208,1.2213711738586426,1.0564395189285278,22.063316345214844,26.535219192504883,17.183835983276367,23.94243049621582,27.761770248413086,19.98200798034668,0.6520149111747742,0.7267675399780273,0.5788949728012085,0.9551603198051453,1.059810996055603,0.8982849717140198,22.04210090637207,26.515640258789062,17.1605281829834,23.512292861938477,27.263126373291016,19.659549713134766
2059,0.7433720231056213,0.832645058631897,0.6553798913955688,1.2486597299575806,1.4164849519729614,1.1100926399230957,22.27063751220703,26.839345932006836,17.428558349609375,24.19721221923828,28.25761604309082,20.3389835357666,0.4490938186645508,0.5113286375999451,0.3879610002040863,-0.4504413604736328,-0.5119552612304688,-0.2972988188266754,22.120967864990234,26.674158096313477,17.294349670410156,23.061256408691406,26.932905197143555,19.456960678100586,0.7154255509376526,0.7990958094596863,0.6363497972488403,1.1540470123291016,1.300336480140686,1.049962043762207,22.254709243774414,26.82017707824707,17.417665481567383,24.22631072998047,28.293527603149414,20.357349395751953,0.6567990779876709,0.7419413328170776,0.5774576663970947,0.9927640557289124,1.141066312789917,0.8944007158279419,22.233322143554688,26.800045013427734,17.394916534423828,23.794694900512695,27.787885665893555,20.039411544799805
2060,0.7293814420700073,0.8219990134239197,0.6450933814048767,1.2104202508926392,1.3710601329803467,1.0575858354568481,22.277368545532227,26.904993057250977,17.03641128540039,24.086214065551758,28.07569122314453,19.879722595214844,0.3964088559150696,0.46847960352897644,0.3599734306335449,-0.6772827506065369,-0.7313488721847534,-0.41243934631347656,22.10772132873535,26.72093391418457,16.89410400390625,22.835020065307617,26.64092254638672,18.973121643066406,0.7013978958129883,0.7901453375816345,0.6255574822425842,1.115986704826355,1.2595999240875244,0.9959413409233093,22.261335372924805,26.88632583618164,17.025278091430664,24.11509895324707,28.112428665161133,19.898120880126953,0.6416839957237244,0.7316316962242126,0.566443681716919,0.9540166854858398,1.0977559089660645,0.8412778377532959,22.24003028869629,26.866674423217773,17.00294303894043,23.68495750427246,27.612224578857422,19.58278465270996
2061,0.7403035163879395,0.8290333151817322,0.6690112948417664,1.2080236673355103,1.3596502542495728,1.1202014684677124,22.034303665161133,26.64389991760254,17.18840217590332,23.88368034362793,27.920366287231445,19.946475982666016,0.4034385681152344,0.47122204303741455,0.37791383266448975,-0.7043748497962952,-0.7705317735671997,-0.3956752121448517,21.863290786743164,26.458065032958984,17.044004440307617,22.6190242767334,26.468957901000977,18.997831344604492,0.7120373845100403,0.7961309552192688,0.6489502191543579,1.112288475036621,1.244778037071228,1.057188868522644,22.018138885498047,26.624794006347656,17.177066802978516,23.912832260131836,27.956802368164062,19.964916229248047,0.6519884467124939,0.7363428473472595,0.5893528461456299,0.9487587809562683,1.0797799825668335,0.8992667198181152,21.996614456176758,26.604597091674805,17.153379440307617,23.477096557617188,27.44817543029785,19.638792037963867
2062,0.7495427131652832,0.8399383425712585,0.662695586681366,1.2418442964553833,1.4071496725082397,1.1617568731307983,22.34851837158203,26.862699508666992,17.64317512512207,24.292455673217773,28.34670639038086,20.648513793945312,0.4155912697315216,0.4773795008659363,0.38859835267066956,-0.668490469455719,-0.7437707185745239,-0.2753869295120239,22.17878532409668,26.676307678222656,17.505537033081055,23.013647079467773,26.854751586914062,19.73208999633789,0.7213994860649109,0.8069836497306824,0.6441484689712524,1.1462982892990112,1.2923210859298706,1.1028735637664795,22.33245849609375,26.843734741210938,17.632535934448242,24.321470260620117,28.382936477661133,20.666400909423828,0.6630824208259583,0.7496314644813538,0.5847406387329102,0.9851740002632141,1.1313472986221313,0.9459977149963379,22.310937881469727,26.82356071472168,17.609525680541992,23.888992309570312,27.87839698791504,20.35144805908203
2063,0.7222645282745361,0.8002541661262512,0.6358309388160706,1.2111529111862183,1.3174155950546265,1.0197150707244873,22.50091552734375,27.072622299194336,16.98882484436035,24.226839065551758,28.003149032592773,19.70746421813965,0.39327195286750793,0.4505106508731842,0.33431845903396606,-0.6500959992408752,-0.746932327747345,-0.49054384231567383,22.33379554748535,26.891677856445312,16.841276168823242,22.989261627197266,26.58540916442871,18.767993927001953,0.6949859261512756,0.7686776518821716,0.6157011985778809,1.1188430786132812,1.2068227529525757,0.9568032026290894,22.485218048095703,27.054136276245117,16.977458953857422,24.25554656982422,28.0393009185791,19.72560691833496,0.6347722411155701,0.7093579173088074,0.5528724789619446,0.9553358554840088,1.0436848402023315,0.7961612343788147,22.464130401611328,27.035085678100586,16.953516006469727,23.829437255859375,27.541576385498047,19.40167999267578
2064,0.7320473790168762,0.8178737163543701,0.673587441444397,1.172803521156311,1.3211312294006348,1.0939550399780273,21.920656204223633,26.497713088989258,17.159334182739258,23.736793518066406,27.736818313598633,19.934091567993164,0.3937853276729584,0.46344614028930664,0.34890300035476685,-0.7396151423454285,-0.7953268885612488,-0.535523533821106,21.748825073242188,26.312870025634766,16.99884605407715,22.47955322265625,26.310409545898438,18.893945693969727,0.7039462327957153,0.7856851816177368,0.6498372554779053,1.077487826347351,1.2078417539596558,1.0197628736495972,21.904525756835938,26.47885513305664,17.145898818969727,23.76607322692871,27.773662567138672,19.955772399902344,0.6426721811294556,0.7254184484481812,0.5908734798431396,0.9127536416053772,1.0437099933624268,0.8694040179252625,21.882963180541992,26.459144592285156,17.123577117919922,23.331485748291016,27.269546508789062,19.620141983032227
2065,0.7430617213249207,0.8389769196510315,0.6418742537498474,1.2066508531570435,1.4066905975341797,1.0612941980361938,22.19087028503418,26.60856819152832,17.409082412719727,24.107389450073242,28.09624481201172,20.246877670288086,0.3656916320323944,0.4344084858894348,0.32759636640548706,-0.9026079177856445,-0.9834932684898376,-0.5512120127677917,22.00003433227539,26.401220321655273,17.252511978149414,22.69125747680664,26.452503204345703,19.22722053527832,0.707533061504364,0.7968538999557495,0.6177513599395752,1.0868066549301147,1.2601016759872437,0.985137403011322,22.17068099975586,26.584550857543945,17.39541244506836,24.14365005493164,28.141677856445312,20.269237518310547,0.6553959846496582,0.7484716176986694,0.5318455100059509,0.9484360218048096,1.1295186281204224,0.7619296312332153,22.1529483795166,26.569225311279297,17.362442016601562,23.700105667114258,27.622268676757812,19.84882354736328
2066,0.714320719242096,0.8064281344413757,0.6449768543243408,1.1901326179504395,1.3352669477462769,1.0957640409469604,22.44691276550293,27.06148338317871,17.017253875732422,24.213651657104492,28.06403923034668,19.961029052734375,0.3453238606452942,0.41217756271362305,0.30884501338005066,-0.8639918565750122,-0.9572567343711853,-0.5689771771430969,22.261789321899414,26.85906982421875,16.854503631591797,22.849674224853516,26.51544189453125,18.905672073364258,0.6800243854522705,0.7661959528923035,0.6198260188102722,1.0737428665161133,1.194537878036499,1.017228364944458,22.42730140686035,27.038036346435547,17.003215789794922,24.249513626098633,28.108976364135742,19.983686447143555,0.5766476988792419,0.6642752885818481,0.5152536630630493,0.7990097403526306,0.920012891292572,0.7565025091171265,22.390775680541992,27.00360870361328,16.963848114013672,23.611379623413086,27.36194610595703,19.49666976928711
2067,0.7355047464370728,0.810344398021698,0.677270770072937,1.226596713066101,1.336107611656189,1.141434907913208,21.917158126831055,26.48581314086914,16.8724422454834,23.851768493652344,27.69205093383789,20.080841064453125,0.35743728280067444,0.4159124493598938,0.3562134802341461,-0.8690561652183533,-0.9848691821098328,-0.49208906292915344,21.726524353027344,26.282384872436523,16.713571548461914,22.470149993896484,26.11941146850586,19.0472469329834,0.700290322303772,0.7691871523857117,0.6534332633018494,1.1076873540878296,1.1928117275238037,1.0654293298721313,21.897125244140625,26.46214485168457,16.85892105102539,23.887676239013672,27.73714256286621,20.10375213623047,0.5966674089431763,0.6668520569801331,0.5532205104827881,0.8336379528045654,0.9151184558868408,0.8071315288543701,21.859148025512695,26.426130294799805,16.819591522216797,23.24117088317871,26.976110458374023,19.627126693725586
2068,0.738429844379425,0.8281077146530151,0.6599738001823425,1.2306997776031494,1.408769130706787,1.1279428005218506,22.308366775512695,26.94975471496582,17.372314453125,24.342357635498047,28.42970848083496,20.524572372436523,0.3668631613254547,0.4206935167312622,0.3580731749534607,-0.8567798137664795,-0.9760226607322693,-0.44366616010665894,22.12106704711914,26.74233627319336,17.22256088256836,22.94241714477539,26.787517547607422,19.526697158813477,0.7037034034729004,0.7863693833351135,0.6372928619384766,1.112963080406189,1.2642399072647095,1.0547987222671509,22.288593292236328,26.925952911376953,17.35932159423828,24.37850570678711,28.475032806396484,20.54681396484375,0.6049014925956726,0.6880475282669067,0.5433146357536316,0.8438205718994141,0.9918918609619141,0.8077407479286194,22.250913619995117,26.8889217376709,17.322641372680664,23.734928131103516,27.708600997924805,20.09260368347168
2069,0.7500338554382324,0.8371527791023254,0.6788132786750793,1.2606775760650635,1.4119359254837036,1.151082158088684,22.46441078186035,27.15534782409668,17.424013137817383,24.501462936401367,28.47240447998047,20.376750946044922,0.38045749068260193,0.4372081160545349,0.34024325013160706,-0.8167417049407959,-0.9271750450134277,-0.5682653188705444,22.276683807373047,26.9497127532959,17.25376319885254,23.10358428955078,26.854379653930664,19.276622772216797,0.7153252959251404,0.7960944175720215,0.6544082164764404,1.1431117057800293,1.2695000171661377,1.0742456912994385,22.44455909729004,27.131664276123047,17.410140991210938,24.53715705871582,28.517215728759766,20.399436950683594,0.6148899793624878,0.6924954056739807,0.5541049838066101,0.8715881109237671,0.9879054427146912,0.8168042898178101,22.40696907043457,27.095054626464844,17.370153427124023,23.893394470214844,27.752098083496094,19.91584014892578
2070,0.7457981705665588,0.8417601585388184,0.6523253321647644,1.2442666292190552,1.4158488512039185,1.093536615371704,22.40281867980957,27.005754470825195,17.18426513671875,24.308643341064453,28.369417190551758,20.152055740356445,0.3313598930835724,0.40306493639945984,0.2926524877548218,-1.0531667470932007,-1.1509512662887573,-0.694273054599762,22.193296432495117,26.779006958007812,17.00901985168457,22.770233154296875,26.61622428894043,18.996551513671875,0.7101545929908752,0.8004659414291382,0.6279845237731934,1.123387098312378,1.2709987163543701,1.0167346000671387,22.382553100585938,26.98194122314453,17.17054557800293,24.3449764251709,28.415212631225586,20.174541473388672,0.6077422499656677,0.699354887008667,0.5275050401687622,0.8486917614936829,0.9920167922973633,0.7602148056030273,22.34412384033203,26.94495964050293,17.131776809692383,23.68674659729004,27.647510528564453,19.69468116760254
2071,0.7445889115333557,0.8461644649505615,0.6387884020805359,1.246639609336853,1.4465168714523315,1.0745394229888916,22.540420532226562,27.49303436279297,17.81867790222168,24.47677993774414,28.844457626342773,20.56047821044922,0.3316817581653595,0.4086184501647949,0.2849373519420624,-1.0382269620895386,-1.108892798423767,-0.6931125521659851,22.332782745361328,27.267961502075195,17.644174575805664,22.938140869140625,27.091262817382812,19.425384521484375,0.7096610069274902,0.8051152229309082,0.6144827604293823,1.1280784606933594,1.3028414249420166,0.9976696968078613,22.5205020904541,27.46932029724121,17.804832458496094,24.512802124023438,28.889392852783203,20.58311653137207,0.6090973615646362,0.7056548595428467,0.5157065391540527,0.855527937412262,1.028058409690857,0.7460930347442627,22.48246955871582,27.432310104370117,17.766233444213867,23.863525390625,28.127758026123047,20.096534729003906
2072,0.7236168384552002,0.828859806060791,0.6443423628807068,1.2012128829956055,1.4111076593399048,1.0671334266662598,22.73238754272461,27.471527099609375,17.626136779785156,24.533044815063477,28.697458267211914,20.296268463134766,0.30733323097229004,0.38786831498146057,0.2783234417438507,-1.0692273378372192,-1.1345793008804321,-0.7267374992370605,22.524662017822266,27.246440887451172,17.448232650756836,23.006301879882812,26.95406723022461,19.14267349243164,0.6883559226989746,0.787812352180481,0.6197105050086975,1.0823360681533813,1.2679859399795532,0.9903196692466736,22.712358474731445,27.447933197021484,17.612293243408203,24.568851470947266,28.742589950561523,20.318986892700195,0.5864930748939514,0.6845716834068298,0.5160593390464783,0.8108712434768677,0.9856348633766174,0.7294588685035706,22.674894332885742,27.4112606048584,17.571990966796875,23.91831398010254,27.97867202758789,19.830060958862305
2073,0.7412078380584717,0.8557422161102295,0.653292179107666,1.2248846292495728,1.436644434928894,1.1102018356323242,22.436376571655273,27.061492919921875,17.511680603027344,24.35371208190918,28.567716598510742,20.297136306762695,0.3264210522174835,0.41156527400016785,0.30731743574142456,-1.0668705701828003,-1.1523149013519287,-0.6372339725494385,22.22739601135254,26.832969665527344,17.33884620666504,22.813251495361328,26.787996292114258,19.178997039794922,0.7059503197669983,0.8141579627990723,0.629112958908081,1.105271577835083,1.2907636165618896,1.0336089134216309,22.41628074645996,27.037580490112305,17.497879028320312,24.38990592956543,28.613256454467773,20.319351196289062,0.6042535901069641,0.7126356959342957,0.5310328602790833,0.8314952254295349,1.0092929601669312,0.7803393006324768,22.377702713012695,26.99986457824707,17.45919418334961,23.736417770385742,27.84038543701172,19.847606658935547
2074,0.7433393597602844,0.8310777544975281,0.6467459201812744,1.2422176599502563,1.4050318002700806,1.084522008895874,22.61136245727539,27.282669067382812,17.474952697753906,24.4775333404541,28.53106117248535,20.499713897705078,0.3289983868598938,0.3961452543735504,0.26623207330703735,-1.04818856716156,-1.1269915103912354,-0.7712098360061646,22.402700424194336,27.05854606628418,17.289775848388672,22.934070587158203,26.79543113708496,19.296375274658203,0.7079704403877258,0.7905316948890686,0.6196159720420837,1.1226962804794312,1.263472080230713,0.9990273714065552,22.591257095336914,27.259241104125977,17.459617614746094,24.513626098632812,28.576318740844727,20.525819778442383,0.6070729494094849,0.6899493336677551,0.5220412611961365,0.850337028503418,0.9863892793655396,0.7527646422386169,22.55306053161621,27.222496032714844,17.42272186279297,23.85856056213379,27.816545486450195,20.03657341003418
2075,0.7177822589874268,0.8070224523544312,0.6491832137107849,1.184332013130188,1.345751404762268,1.071689248085022,22.602832794189453,27.25072479248047,17.382848739624023,24.434326171875,28.359939575195312,20.266517639160156,0.2650289833545685,0.33142566680908203,0.24554163217544556,-1.2444448471069336,-1.3374607563018799,-0.8821679353713989,22.37799644470215,27.008888244628906,17.18684959411621,22.798969268798828,26.503997802734375,19.004180908203125,0.6756842732429504,0.7583174705505371,0.6186534762382507,1.0432792901992798,1.1779425144195557,0.9758391380310059,22.578922271728516,27.222524642944336,17.365707397460938,24.477386474609375,28.41423225402832,20.293781280517578,0.5798651576042175,0.6640198826789856,0.5230262279510498,0.792650043964386,0.9285575747489929,0.7367086410522461,22.545665740966797,27.192073822021484,17.329303741455078,23.821067810058594,27.645376205444336,19.79732322692871
2076,0.7512088418006897,0.8459153771400452,0.6396065354347229,1.2731820344924927,1.4404298067092896,1.1083626747131348,22.574554443359375,27.37569236755371,17.955961227416992,24.674219131469727,28.992149353027344,20.834653854370117,0.29664480686187744,0.3538748323917389,0.2713779807090759,-1.1976569890975952,-1.3541887998580933,-0.7170248627662659,22.347719192504883,27.127578735351562,17.77421760559082,23.00961685180664,27.073787689208984,19.631059646606445,0.7082948684692383,0.794744074344635,0.6123011708259583,1.1275930404663086,1.2632575035095215,1.021788477897644,22.550310134887695,27.346786499023438,17.9403018951416,24.71729278564453,29.045385360717773,20.861377716064453,0.6160895228385925,0.7046714425086975,0.5205446481704712,0.8826680779457092,1.0190850496292114,0.7861245274543762,22.51655387878418,27.314315795898438,17.9051456451416,24.060991287231445,28.272260665893555,20.38920783996582
2077,0.7101784348487854,0.8124069571495056,0.6319670677185059,1.194128155708313,1.3863739967346191,1.0228636264801025,23.01898193359375,27.695463180541992,17.734500885009766,24.699554443359375,28.787717819213867,20.297103881835938,0.26543495059013367,0.3370979428291321,0.2288062870502472,-1.2035374641418457,-1.3133820295333862,-0.9191235303878784,22.797386169433594,27.45395851135254,17.538618087768555,23.07675552368164,26.93079948425293,19.0467586517334,0.668587863445282,0.7633001804351807,0.6011134386062622,1.0542993545532227,1.215858817100525,0.9274377822875977,22.995288848876953,27.66716957092285,17.71720314025879,24.742462158203125,28.841463088989258,20.32459831237793,0.573807418346405,0.669171929359436,0.5037882328033447,0.8054097294807434,0.9653849005699158,0.6861070990562439,22.962303161621094,27.636537551879883,17.680294036865234,24.0910587310791,28.074506759643555,19.826169967651367
2078,0.7274597883224487,0.8374285697937012,0.606193482875824,1.2129132747650146,1.4579740762710571,0.9958398938179016,22.815250396728516,27.5794620513916,17.928396224975586,24.60422134399414,28.893600463867188,20.481393814086914,0.27069851756095886,0.36013850569725037,0.212839275598526,-1.2546837329864502,-1.2925279140472412,-0.9105383157730103,22.587366104125977,27.335962295532227,17.73822593688965,22.948537826538086,27.02805519104004,19.242048263549805,0.6841826438903809,0.7873286008834839,0.5771555304527283,1.0673884153366089,1.283033013343811,0.9048811197280884,22.79081916809082,27.550922393798828,17.912059783935547,24.647293090820312,28.94716453552246,20.508455276489258,0.5896299481391907,0.6957939863204956,0.4819085896015167,0.8198903203010559,1.0355631113052368,0.6675782799720764,22.75684356689453,27.518978118896484,17.8773250579834,23.98428726196289,28.1787052154541,20.02284049987793
2079,0.7064304351806641,0.8015984892845154,0.6315131187438965,1.1640039682388306,1.3668445348739624,1.0172301530838013,22.87413787841797,27.457260131835938,18.329547882080078,24.587059020996094,28.57207489013672,20.689071655273438,0.2539057433605194,0.32388412952423096,0.21578849852085114,-1.264674425125122,-1.3398386240005493,-0.9840102195739746,22.650157928466797,27.215343475341797,18.127464294433594,22.944347381591797,26.714628219604492,19.384334564208984,0.6641203165054321,0.7521126866340637,0.60124671459198,1.0221410989761353,1.196082592010498,0.9234191179275513,22.85022735595703,27.429031372070312,18.312477111816406,24.629709243774414,28.62528419494629,20.716691970825195,0.5698466897010803,0.6592830419540405,0.5062950253486633,0.7743979096412659,0.9491458535194397,0.684786319732666,22.816938400268555,27.39820671081543,18.27571678161621,23.976093292236328,27.862342834472656,20.215120315551758
2080,0.7311404347419739,0.8467812538146973,0.6456184983253479,1.2140135765075684,1.447089433670044,1.0838940143585205,23.206809997558594,27.984600067138672,18.48011589050293,25.045513153076172,29.476924896240234,20.960615158081055,0.249250128865242,0.32911017537117004,0.2363627701997757,-1.3531817197799683,-1.448883295059204,-0.8911942839622498,22.969457626342773,27.726884841918945,18.278961181640625,23.28689193725586,27.456541061401367,19.66084861755371,0.6883804798126221,0.7961839437484741,0.6168092489242554,1.0703961849212646,1.272415280342102,0.9936407208442688,23.182668685913086,27.955934524536133,18.46367835998535,25.088531494140625,29.529930114746094,20.987462997436523,0.5954263806343079,0.7033047676086426,0.5234566926956177,0.8232861161231995,1.021446704864502,0.7553850412368774,23.14887237548828,27.92287254333496,18.427583694458008,24.42652130126953,28.752653121948242,20.502492904663086
2081,0.7292152643203735,0.8140550255775452,0.6412761807441711,1.2220284938812256,1.369308590888977,1.062159538269043,23.140409469604492,27.730403900146484,17.639854431152344,24.885927200317383,28.906679153442383,20.381921768188477,0.2507297098636627,0.3176807761192322,0.21206112205982208,-1.3246310949325562,-1.4221627712249756,-1.0001295804977417,22.901887893676758,27.476398468017578,17.431074142456055,23.155609130859375,27.00672721862793,19.057790756225586,0.68696129322052,0.7660220861434937,0.6109104752540588,1.0802353620529175,1.2024022340774536,0.9673605561256409,23.11631965637207,27.70246124267578,17.622756958007812,24.928741455078125,28.959754943847656,20.40973663330078,0.5927353501319885,0.6726714372634888,0.5148661732673645,0.8330430388450623,0.9538394808769226,0.7256017327308655,23.08296012878418,27.671485900878906,17.586307525634766,24.272960662841797,28.207738876342773,19.91485023498535
2082,0.7317350506782532,0.838641881942749,0.6306054592132568,1.205560326576233,1.4128919839859009,1.0171914100646973,22.921401977539062,27.573511123657227,17.960227966308594,24.828519821166992,29.159517288208008,20.776554107666016,0.24825792014598846,0.32620957493782043,0.2094065397977829,-1.383064866065979,-1.4887235164642334,-0.997585654258728,22.680587768554688,27.311845779418945,17.7580509185791,23.078506469726562,27.17424964904785,19.456523895263672,0.6887317895889282,0.7875750660896301,0.6014146208763123,1.061023235321045,1.2365175485610962,0.9259133338928223,22.89707374572754,27.544431686401367,17.943775177001953,24.871875762939453,29.213272094726562,20.80371856689453,0.5928787589073181,0.6941799521446228,0.4902493357658386,0.8092301487922668,0.9855358004570007,0.646621823310852,22.86275863647461,27.511465072631836,17.901844024658203,24.205120086669922,28.43571662902832,20.26668930053711
2083,0.7324404716491699,0.8230865597724915,0.6514623165130615,1.2205612659454346,1.4021589756011963,1.0589369535446167,23.055665969848633,27.931568145751953,17.71086883544922,24.929353713989258,29.119487762451172,20.690561294555664,0.2473575919866562,0.3191704750061035,0.22487594187259674,-1.3520317077636719,-1.4470508098602295,-0.9663063287734985,22.816240310668945,27.676456451416016,17.504573822021484,23.18907356262207,27.180469512939453,19.34963035583496,0.6896877884864807,0.7733704447746277,0.6216176748275757,1.0770092010498047,1.229508876800537,0.9647764563560486,23.031539916992188,27.903051376342773,17.694011688232422,24.972156524658203,29.173391342163086,20.718015670776367,0.566647469997406,0.6495247483253479,0.503287136554718,0.7543601393699646,0.8990454077720642,0.6682066321372986,22.986604690551758,27.86034393310547,17.647920608520508,24.209144592285156,28.270233154296875,20.15669822692871
2084,0.7283872365951538,0.847926914691925,0.6113046407699585,1.2208976745605469,1.4827909469604492,1.0249449014663696,23.232431411743164,28.03738021850586,18.760496139526367,25.087976455688477,29.507301330566406,21.047849655151367,0.2473115772008896,0.3350188136100769,0.17392480373382568,-1.3453341722488403,-1.421112298965454,-1.0477293729782104,22.994487762451172,27.77874183654785,18.549814224243164,23.337919235229492,27.53219985961914,19.691049575805664,0.6859607696533203,0.7973787784576416,0.5774000883102417,1.0779742002487183,1.307187557220459,0.9206468462944031,23.208358764648438,28.008594512939453,18.74166488647461,25.131168365478516,29.560405731201172,21.077239990234375,0.5650537014007568,0.676654577255249,0.4635760188102722,0.7576196789741516,0.9775568246841431,0.640440821647644,23.162710189819336,27.96320915222168,18.697969436645508,24.365379333496094,28.658557891845703,20.517902374267578
2085,0.7258260846138,0.8345981240272522,0.632633626461029,1.2151178121566772,1.4134361743927002,1.0072722434997559,23.569074630737305,28.20166778564453,18.225187301635742,25.31544303894043,29.50737762451172,20.738784790039062,0.21761226654052734,0.3053952157497406,0.18311521410942078,-1.4503810405731201,-1.5523440837860107,-1.1167826652526855,23.31745719909668,27.933853149414062,18.003564834594727,23.48623275756836,27.452844619750977,19.360088348388672,0.6757693290710449,0.776039183139801,0.5970484614372253,1.0482463836669922,1.2107232809066772,0.8966301083564758,23.540836334228516,28.168285369873047,18.20494270324707,25.365419387817383,29.57048797607422,20.771146774291992,0.5607585310935974,0.6606188416481018,0.48413988947868347,0.7506279349327087,0.9040361642837524,0.618962287902832,23.49911880493164,28.129085540771484,18.160139083862305,24.58599853515625,28.643526077270508,20.192874908447266
2086,0.7341712117195129,0.8365507125854492,0.6133648753166199,1.2160284519195557,1.441888451576233,0.9775931239128113,23.199626922607422,27.711198806762695,18.876068115234375,25.095643997192383,29.248825073242188,21.167585372924805,0.22844086587429047,0.305974543094635,0.1702798455953598,-1.4789053201675415,-1.5585633516311646,-1.1113172769546509,22.9468994140625,27.440956115722656,18.6601619720459,23.272886276245117,27.22541618347168,19.77724266052246,0.6836134791374207,0.7772119641304016,0.5783522129058838,1.045637845993042,1.235550880432129,0.8698734641075134,23.171079635620117,27.6774845123291,18.856307983398438,25.145980834960938,29.310667037963867,21.198854446411133,0.571723222732544,0.6678678393363953,0.4654555022716522,0.7536665201187134,0.9436402916908264,0.5929936170578003,23.12950897216797,27.637998580932617,18.813663482666016,24.366975784301758,28.405677795410156,20.62487030029297
2087,0.7159641981124878,0.810560941696167,0.6545006036758423,1.2050002813339233,1.419626235961914,1.0818798542022705,23.65827178955078,28.553970336914062,17.975236892700195,25.359376907348633,29.638057708740234,20.78389549255371,0.21092432737350464,0.2959239184856415,0.20436599850654602,-1.4317433834075928,-1.4716894626617432,-1.0140634775161743,23.40934181213379,28.29243278503418,17.7550048828125,23.548091888427734,27.664976119995117,19.386079788208008,0.6660521626472473,0.7538032531738281,0.6203064322471619,1.0387952327728271,1.223605751991272,0.97499018907547,23.630081176757812,28.521337509155273,17.955684661865234,25.408706665039062,29.69943618774414,20.816085815429688,0.5510417819023132,0.6401005983352661,0.5053277015686035,0.7436308860778809,0.9245261549949646,0.6931522488594055,23.589149475097656,28.482946395874023,17.912506103515625,24.637130737304688,28.807662963867188,20.245267868041992
2088,0.7262676954269409,0.8152179718017578,0.6252488493919373,1.2235759496688843,1.414235234260559,1.0024442672729492,23.291330337524414,27.972463607788086,18.169158935546875,25.147891998291016,29.290210723876953,20.838014602661133,0.21901696920394897,0.29416391253471375,0.18152928352355957,-1.44052255153656,-1.5380489826202393,-1.0723663568496704,23.039186477661133,27.704463958740234,17.955039978027344,23.32910919189453,27.29381561279297,19.45556640625,0.6765445470809937,0.7576441764831543,0.5911743640899658,1.0566234588623047,1.2132396697998047,0.8957250714302063,23.2631778717041,27.93929100036621,18.149866104125977,25.198240280151367,29.35348129272461,20.86988067626953,0.5609718561172485,0.6456145644187927,0.4767085611820221,0.7599107027053833,0.917370080947876,0.6116807460784912,23.222225189208984,27.900291442871094,18.107114791870117,24.422183990478516,28.44448471069336,20.30732536315918
2089,0.7290754318237305,0.8379979729652405,0.6198869347572327,1.2118998765945435,1.4571365118026733,0.9891469478607178,23.499670028686523,28.191333770751953,19.298524856567383,25.296953201293945,29.663511276245117,21.4443302154541,0.22133776545524597,0.30468031764030457,0.17044462263584137,-1.459464430809021,-1.5264931917190552,-1.0969208478927612,23.248849868774414,27.922954559326172,19.079256057739258,23.453821182250977,27.60081672668457,20.031978607177734,0.6788247227668762,0.7789884209632874,0.5852228999137878,1.0443893671035767,1.2539414167404175,0.8821996450424194,23.471302032470703,28.157855987548828,19.278852462768555,25.347200393676758,29.725133895874023,21.475351333618164,0.5637009739875793,0.6656676530838013,0.4731900691986084,0.7460054159164429,0.9552353024482727,0.608654797077179,23.429706573486328,28.1177978515625,19.236000061035156,24.561986923217773,28.808591842651367,20.900482177734375
2090,0.7063156962394714,0.813757598400116,0.6309428811073303,1.1780401468276978,1.4205626249313354,1.0578656196594238,23.63097381591797,28.163095474243164,18.113176345825195,25.276138305664062,29.387481689453125,20.76332664489746,0.19318926334381104,0.2774421274662018,0.1861543357372284,-1.4869918823242188,-1.5584330558776855,-1.0244091749191284,23.377365112304688,27.892061233520508,17.895946502685547,23.458585739135742,27.376697540283203,19.379180908203125,0.6564510464668274,0.755336582660675,0.5974037647247314,1.011672854423523,1.2195408344268799,0.9526709318161011,23.602832794189453,28.129838943481445,18.09418487548828,25.325439453125,29.44857406616211,20.794803619384766,0.5427200198173523,0.6395806074142456,0.48374903202056885,0.7198989391326904,0.9174321889877319,0.6730040907859802,23.56273651123047,28.091777801513672,18.050472259521484,24.55817985534668,28.549972534179688,20.239700317382812
2091,0.723460853099823,0.8235846161842346,0.608799159526825,1.2267260551452637,1.4439841508865356,1.0040898323059082,23.444604873657227,28.18231773376465,18.959247589111328,25.25431251525879,29.574031829833984,21.235736846923828,0.2106085568666458,0.28968140482902527,0.15485554933547974,-1.4637258052825928,-1.5529223680496216,-1.1081620454788208,23.190664291381836,27.910381317138672,18.74055290222168,23.415048599243164,27.541208267211914,19.835617065429688,0.6734792590141296,0.7654947638511658,0.5739169716835022,1.0591744184494019,1.242630958557129,0.8967646360397339,23.416492462158203,28.149219512939453,18.939645767211914,25.30404281616211,29.63579750061035,21.266687393188477,0.5579884648323059,0.6543000936508179,0.46085795760154724,0.7609986662864685,0.9466726183891296,0.6197831034660339,23.374759674072266,28.109355926513672,18.896944046020508,24.528400421142578,28.73044204711914,20.698650360107422
2092,0.7055264115333557,0.8102015256881714,0.6211764216423035,1.1887067556381226,1.405476450920105,0.9859727025032043,23.85196304321289,28.580493927001953,18.61577033996582,25.435636520385742,29.54586410522461,20.96940803527832,0.18771912157535553,0.2795783281326294,0.14746813476085663,-1.4870067834854126,-1.543099284172058,-1.1690346002578735,23.59741973876953,28.312349319458008,18.389280319213867,23.611900329589844,27.56196403503418,19.515172958374023,0.6557179689407349,0.7534745335578918,0.5854105353355408,1.0231069326400757,1.2085597515106201,0.8758639097213745,23.823869705200195,28.547836303710938,18.59568977355957,25.485139846801758,29.607763290405273,21.000946044921875,0.5394290089607239,0.6370372176170349,0.4655516445636749,0.7267159223556519,0.903896689414978,0.5886576771736145,23.783742904663086,28.51006507873535,18.551715850830078,24.70976448059082,28.709993362426758,20.420724868774414
2093,0.71512770652771,0.8202916383743286,0.6259723901748657,1.1927610635757446,1.450652003288269,1.0337449312210083,23.529088973999023,28.240798950195312,18.73854637145996,25.257648468017578,29.51032829284668,21.261119842529297,0.18940359354019165,0.27688631415367126,0.16819551587104797,-1.5245225429534912,-1.5719023942947388,-1.096650242805481,23.27155876159668,27.966726303100586,18.520137786865234,23.402606964111328,27.482576370239258,19.844623565673828,0.6645796298980713,0.7618186473846436,0.5911222696304321,1.0236390829086304,1.2480286359786987,0.9251191020011902,23.50065803527832,28.207557678222656,18.718994140625,25.30742835998535,29.57215690612793,21.292110443115234,0.5477121472358704,0.6476871371269226,0.4788818061351776,0.7242874503135681,0.9471340775489807,0.6473856568336487,23.458751678466797,28.167415618896484,18.6763916015625,24.527212142944336,28.664478302001953,20.72671127319336
2094,0.715076208114624,0.8260970711708069,0.6015251874923706,1.2108263969421387,1.4447697401046753,0.9578933715820312,24.026845932006836,28.94952392578125,18.604717254638672,25.686790466308594,30.178232192993164,20.975996017456055,0.19975481927394867,0.29355019330978394,0.14408551156520844,-1.4774757623672485,-1.5248080492019653,-1.1692548990249634,23.77290916442871,28.678138732910156,18.38404083251953,23.860170364379883,28.185983657836914,19.57366943359375,0.6650493741035461,0.7688745856285095,0.6000199317932129,1.0439130067825317,1.2464417219161987,0.9706056714057922,23.99858856201172,28.916635513305664,18.563453674316406,25.735998153686523,30.238773345947266,20.95063591003418,0.550491213798523,0.6532641649246216,0.4504830539226532,0.7485461235046387,0.9418858885765076,0.568455696105957,23.957714080810547,28.876636505126953,18.541675567626953,24.96184539794922,29.347055435180664,20.432931900024414
2095,0.7108026742935181,0.8439534902572632,0.6017395257949829,1.178852915763855,1.472428321838379,0.9699377417564392,23.902894973754883,28.848613739013672,18.95512580871582,25.640670776367188,30.31250762939453,21.318159103393555,0.18956056237220764,0.2900841534137726,0.14042441546916962,-1.5233662128448486,-1.5722609758377075,-1.1369725465774536,23.6469783782959,28.57024383544922,18.73419761657715,23.80377769470215,28.27541160583496,19.906951904296875,0.6707752346992493,0.7853198051452637,0.5739521384239197,1.0729801654815674,1.306430697441101,0.8962782621383667,23.862552642822266,28.80752182006836,18.93075942993164,25.667804718017578,30.364187240600586,21.346994400024414,0.5441849231719971,0.6684153079986572,0.45122087001800537,0.7133700251579285,0.9621374011039734,0.5838168263435364,23.833457946777344,28.774202346801758,18.893390655517578,24.91268539428711,29.469579696655273,20.776119232177734
2096,0.6973603367805481,0.8098028302192688,0.6306429505348206,1.1722790002822876,1.4304405450820923,1.0579512119293213,23.909507751464844,28.84230613708496,18.3415470123291,25.52509307861328,29.90073585510254,20.99319839477539,0.18047012388706207,0.27099165320396423,0.1596522331237793,-1.4927977323532104,-1.5425500869750977,-1.1168040037155151,23.655431747436523,28.571067810058594,18.114225387573242,23.70566749572754,27.88984489440918,19.567811965942383,0.6509869694709778,0.7540299892425537,0.6002058386802673,1.0349652767181396,1.2598017454147339,0.9722486138343811,23.876689910888672,28.804264068603516,18.31793975830078,25.57402229309082,29.962934494018555,21.024436950683594,0.5293588638305664,0.6322876811027527,0.47476640343666077,0.7073354125022888,0.9218300580978394,0.6568731665611267,23.841331481933594,28.771167755126953,18.276491165161133,24.799747467041016,29.050683975219727,20.452123641967773
2097,0.7323054075241089,0.825400710105896,0.6146044135093689,1.238997220993042,1.4304345846176147,0.980303943157196,23.643157958984375,28.388885498046875,19.0769100189209,25.50676727294922,29.79808807373047,21.41565704345703,0.21272903680801392,0.2892189621925354,0.15731945633888245,-1.4869695901870728,-1.5768643617630005,-1.1510738134384155,23.3854923248291,28.11699104309082,18.853559494018555,23.653921127319336,27.770065307617188,20.004291534423828,0.6849772930145264,0.7694632411003113,0.5832973122596741,1.0919269323349,1.2515555620193481,0.8892742991447449,23.61054039001465,28.35137939453125,19.053691864013672,25.557958602905273,29.862262725830078,21.447805404663086,0.5661558508872986,0.6533015966415405,0.4672256410121918,0.7716841101646423,0.9265638589859009,0.5948497653007507,23.572734832763672,28.316043853759766,19.01369285583496,24.777803421020508,28.960336685180664,20.86841583251953
2098,0.7041950225830078,0.8212598562240601,0.6154159903526306,1.1947497129440308,1.4603514671325684,1.0207901000976562,24.184391021728516,28.903583526611328,18.90196990966797,25.89971160888672,30.27121925354004,21.45219612121582,0.1931445449590683,0.2813628315925598,0.16753831505775452,-1.4770342111587524,-1.5314737558364868,-1.0654454231262207,23.931926727294922,28.63248634338379,18.68291473388672,24.065353393554688,28.23108673095703,20.05193519592285,0.6562007665634155,0.763573944568634,0.5833377242088318,1.0452148914337158,1.275722861289978,0.9279836416244507,24.152511596679688,28.866422653198242,18.879467010498047,25.951030731201172,30.33420753479004,21.484609603881836,0.5397598147392273,0.6471685767173767,0.46472421288490295,0.7335550785064697,0.9567878842353821,0.6319366693496704,24.115217208862305,28.830778121948242,18.838621139526367,25.174842834472656,29.432836532592773,20.91031265258789
2099,0.7202034592628479,0.8329354524612427,0.6459437608718872,1.2245253324508667,1.4948874711990356,1.1164515018463135,23.989307403564453,28.740224838256836,19.204593658447266,25.78818702697754,30.11909294128418,21.487682342529297,0.20092655718326569,0.28714248538017273,0.20436102151870728,-1.4878356456756592,-1.5255796909332275,-0.9194555282592773,23.734142303466797,28.46819305419922,18.987159729003906,23.931543350219727,28.06048011779785,20.12347412109375,0.6702576279640198,0.7727105617523193,0.583873987197876,1.0666512250900269,1.2997069358825684,0.9015305042266846,23.957130432128906,28.702665328979492,19.20294952392578,25.83982276916504,30.18208885192871,21.596269607543945,0.5553613305091858,0.6583244800567627,0.4870299994945526,0.7599961757659912,0.9851247668266296,0.7159310579299927,23.919479370117188,28.666364669799805,19.14019012451172,25.059436798095703,29.274635314941406,20.949382781982422
